url,title,description,date,icon,cluster
https://meet.linchpins.cloud/linchpins,Jitsi Meet,Join a WebRTC video conference powered by the Jitsi Videobridge,1628690764,"data:image/png;base64,iVBORw0KGgoAAAANSUhEUgAAABAAAAAQCAYAAAAf8/9hAAACDklEQVQ4jX2SwUtUYRTFf+c5D2dSRuG1iREtSMQZkKEBbUbI2RRBQdtatql/oaUQ1NJF9BeE7SModypILwaiYRYVBEo1E2FNjJTEqO+7LXpPZgw9qw/uOeeee/gGOBkCvLm5udzExMTW2NhYutlsrgMeYMSPk2CA8zzvhqQNSRdmZ2cDwCWE1Enbp6amhoMgWJS0EEXRkud5t4As0E5IxyXwAQuC4DZwxczWJZ0GglqtttVLPM5gv1QqnQIuSXoPjJvZLtCuVCpP8vn88HEGApifn784ODj4EvgFtCRNxgleA4VsNnsz5g/818HMzMwQcB/4Leky8M059zmVSj2MougF8FXSGYBqtaqjCazRaOzZPwwBr4BVSWnn3Bvgp5ntAPsAa2tr1pegVCqNpNPpe2Y2LWkDOGtmAhpmdh54Blw3s6RISxIIwPf9B8Ak8NTMfkRRtAIUJN0FPklakHRue3t7Jda5xMCKxeKopLxzruuc+yhpz/f9Rd/3p83sg5l5ZlY1s6XNzc2dZOnhCZJ8SSlgxPO8gpkVzOz5wcHBHjAsaRy4E4ZhGIutz6Db7f7JZDK7ZrYOXAPeOedyknbNbDUMw8cx1aPnKx8GACiXy48qlcqXcrl8FaBYLI4msx5xH/pKdM4tSxp1zr0FVK/XO3HUgaS0owbJwABarVYzl8t973Q69Xa73e3h2VFhgr8j79O5QfFcfQAAAABJRU5ErkJggg==",7
https://app.osmosis.zone/?from=ATOM&to=OSMO,Trade on Osmosis Zone,"Swap, earn, and build on the leading decentralized Cosmos exchange - The largest interchain DEX",1652166278,"data:image/png;base64,iVBORw0KGgoAAAANSUhEUgAAABAAAAAQCAYAAAAf8/9hAAADBUlEQVQ4jY2TTWxUVRTH//fed9+89+arb6avHzMDUwr9IKUIZKBlIRICNEpC48KVkJDAiqWLujQhRhNjImHrxoTEkIBEBRaKHw0YDVo+WpRqR0vrtEM7LTO1Zdq57+NeF8AkwIazOZv/+Z2Tk/+f4CVr5Jv73SOX8h8zZs717kuf6R9sHwMA+tKAy5PvzM/MHRKievzecOG3Lz68fRIAyPNCpZR+8aPbR1cWxWC8ydqkaRSPKrXJ4sTDVmms7shsSmEhX0YkzlV6S+oQe2bLl//0fnVm9Htm8bfatiVtu9msOZnYcsd2h2c6E0ZpuhbVoyE9Go/K2fwDqgKjWAeMX5/p/OHzu9eTXQ3NsYS1xhgRIYMJw+Ri/Va718lGQj259LW/fplvnJtc8hrT8SuvHdnwfh2wxRy4RB3RaZhxyXXm6brm6iHN5Rrxk+sjLQREehX/7+6+5sX5f1fw9gf9BxKpWIUCwN2rhb0L5endVVdCKkWUVDSQivme1DxPavdvlm8W/1i6ReN0x6Oy663bbEd/PJs/DADa4w8XBvSEgBcEABRVBJoKJBc1P7T45yp3Z31bF5DRiO4musMtmT32ynefjh8EcFEDgJqoZi//RFCYqiAdESwVs0wzYIYq+o61RqkNjgZoeNqzrztr1m69UL8AVBNLy2FUqwKlqoA3H7DHYg4LFOrJn0wwpMGRDTF9ypeiDmjJNow2RSIoowMcFVBUQQAwaDBgohFhtBMTbWBwlA83Q6Tvyt/rThw40XVh12bico3DxCuw0Ycm5JBCD9IkC4fYiNkGeIqDtur4lf2HPUc7ztUBVtKa2Zlr+6Q/Nw2FZQBAqlMHNwkoI9DjDF45gFfyMH4ASjWyz7I9yXvPWFkpxc++9/P54WvFwdLIRjgiBodItOoSCeHDaZBYeHUZskcbPnaq7w1CyNoLWVBKsa9Pjw1NTBTeLYz58bAfRQwURFtFeCurptuaT785tO0UIcR9OvNCmJ6AIne+LezP3yh1B56i7blkftfhDVcJIUvPa/8HEZkqCKvOA/0AAAAASUVORK5CYII=",10
https://meet.jit.si/,Jitsi Meet,Join a WebRTC video conference powered by the Jitsi Videobridge,1584284246,"data:image/png;base64,iVBORw0KGgoAAAANSUhEUgAAABAAAAAQCAYAAAAf8/9hAAABMklEQVQ4jb3TPYrVQRAE8F/tF4qiwS5+gKiYqYFgoumCopgoeADBE5iJVzDwEgaymQcQDMQTCGJosqjZgoGu4CuT+cOy+9SHgZM0TE11d1X38D9O29W26/OwpQVzLONx20P7gZUFqm/gAS5htnCCtks4hjs4ixdJfrRNkv5VQpIZzuA73uJ+27t7yZA/dHBjJFjDDk4N6FWS93MlTO21vYbiNU5iO8l224fYmCQmme33IIN4eMTbw4d3bU/jCqbqPeBBklnbE/iEi/iJL1jHJi7gw3jbeRKO4wl2cRRbSd60PYeneJZkZ/8ktM2I19veavu87b22aXu57aOBHTB9Ik7mXcVNfBxLcx5f8TLJ53nTWtmrB9+wlmRrLNJqkt29rv9u7JOU5bZHBnm6W/S//Nv5BbYFmsfBlUfSAAAAAElFTkSuQmCC",7
https://devhints.io/postgresql-json,PostgreSQL JSON cheatsheet,"The one-page guide to PostgreSQL JSON: usage, examples, links, snippets, and more.",1650013562,"data:image/png;base64,iVBORw0KGgoAAAANSUhEUgAAABAAAAAQCAIAAACQkWg2AAAB7ElEQVQ4jTVSu4pVURTL2ufcOXMdRvGFhSAWgp0gFoIWgmJhq7/hN/gjFv6EIlgLFmJhIQgi2IkwguPj3r32WiuxuFonIQmJPXv8QTBJAkBRJgiGIklIkkBBEAVRcyYK/A8IQAZ7r2XdZCaKAiUBJUiae+aOKknWwuvgzHT1+slP7397Z5vEkmQSCVBqXuxJDzq16TmdsFsPz5+5tLr96GxketKTntGrPOlRzQc9qidH8NfvOH957/s3f/rk87y05VQ7Ph6jqoc85FGenHvWLg5gHuWjZLp68/DH97hy/WBa48vH7d6+VYGgiNmToiTI1JM9OC3txr1zfVvnLu4fHY0/259YTZmAVNLsUQREmaFnZbHIzbYmg3d6L0/NoSpRojB7liQS1uCjolglSSGsoCh51BRWJEsAZo9/I6DBgyNJcQQBkTaKfdSUViVyJ0hJpGCGHkzRo/ZPNDP4KFI9a5XINEn812FnYRhVm02NoaNvm3mx9bptR42kR8ukAJLNs0bWyOqjpsXevf2xt7S9tcXg6bPLm9dH89K2PT3Lo0bS7t94uduBAoDIag13H1yY5/bqxdc/W86TkSRMFAG7c+05JUISRAgq6edxkDo4XFlDUaIIibYrXbs/EoBEScL6cJIQSaYgAwAzCDD7C+WPD+374FeFAAAAAElFTkSuQmCC",2
https://github.com/likecoin/likecoin-chain-tx-indexer,GitHub - likecoin/likecoin-chain-tx-indexer: Transaction indexer for LikeCoin chain,Transaction indexer for LikeCoin chain. Contribute to likecoin/likecoin-chain-tx-indexer development by creating an account on GitHub.,1650014541,"data:image/png;base64,iVBORw0KGgoAAAANSUhEUgAAABAAAAAQCAYAAAAf8/9hAAABcUlEQVQ4jY3TvWpVURAF4LXvvUmuIkEsLLQKgiAW/qAkNvoUFraCDxMlqEUCghZaiyKCjU3wBewEBTUpFEvBGJEkfjZz8HAw4sCG2XvNmv+dJEFLCS7hAT5gGz9Kv4/F7CeYwUoROvlVp5NtLGPUJ44wh+f+Xx5XwFHn5E4BL3EN69jCBj6W/qqwF2W73JGX8BO7WK23CY5jWucYZgu7XbbfcW6S5EaS2apoF+Mke621T70WfUYrbDfJOMnBJNeDd9WobZzs9aU/mdbdsYBvxXmdqg82MbPvmP44G+NtOfg6StKSSHIoyYF+5L+QW5JpkvniTUZJNgs/kmSxtaaaOCxh0lqTZCnJ0Qq6EdyrdLaqjFP/yOA03mCvyl4LztflLp6U/hRnBsSHvX7t1OjPdgZrBVzArVqohZ6DE4N1hpXhKq/jPa7i4iD1Kb70nDwrzmho9KhndLiHzVefdrDabeVwPJ1+GTcx7b3N1S+8MuT8Bs9NR9kw0z0NAAAAAElFTkSuQmCC",8
https://github.com/likecoin/app-like-co,GitHub - likecoin/app-like-co: ISCN App app.like.co,ISCN App app.like.co. Contribute to likecoin/app-like-co development by creating an account on GitHub.,1651216826,"data:image/png;base64,iVBORw0KGgoAAAANSUhEUgAAABAAAAAQCAYAAAAf8/9hAAABcUlEQVQ4jY3TvWpVURAF4LXvvUmuIkEsLLQKgiAW/qAkNvoUFraCDxMlqEUCghZaiyKCjU3wBewEBTUpFEvBGJEkfjZz8HAw4sCG2XvNmv+dJEFLCS7hAT5gGz9Kv4/F7CeYwUoROvlVp5NtLGPUJ44wh+f+Xx5XwFHn5E4BL3EN69jCBj6W/qqwF2W73JGX8BO7WK23CY5jWucYZgu7XbbfcW6S5EaS2apoF+Mke621T70WfUYrbDfJOMnBJNeDd9WobZzs9aU/mdbdsYBvxXmdqg82MbPvmP44G+NtOfg6StKSSHIoyYF+5L+QW5JpkvniTUZJNgs/kmSxtaaaOCxh0lqTZCnJ0Qq6EdyrdLaqjFP/yOA03mCvyl4LztflLp6U/hRnBsSHvX7t1OjPdgZrBVzArVqohZ6DE4N1hpXhKq/jPa7i4iD1Kb70nDwrzmho9KhndLiHzVefdrDabeVwPJ1+GTcx7b3N1S+8MuT8Bs9NR9kw0z0NAAAAAElFTkSuQmCC",8
https://v1.cosmos.network/rpc/v0.42.6,Cosmos Network - Internet of Blockchains,"The interoperable, scalable blockchain network. Built for developers.",1656386525,"data:image/png;base64,iVBORw0KGgoAAAANSUhEUgAAABAAAAAQCAYAAAAf8/9hAAACGElEQVQ4jW1TPWsVURA9s7uP5UU2mldYSQQVBAsLwSZVRINoY5FCEUtBGysh+A/8Af4AK1GjacQgJJGUqQIBK7VS0CCbD0zcvffu3jvH4u0mLy9vYJp758wczpwRjAiSAiAGwOZJAAQAEBHmObPxcb5W1TejwNGopgP/mbW6SJLW6qIMTxYRbm+XZ7IsvS0SXeq/6zfvow/dLvacCwtpGt9wLnxK0/j+MG0URXjkveYcCmvDprVho5m8TDI7BrY2PCFJ77lvTHhWFNUV53jZmPp5VSlJ0jndIHniANeCjTGTda2F9/q3LOupw+aribU6T5JVRTqnWyTPDzaIm+lPSbIsw4tWTJInrfXLDe33zoWXfRZhrqmJo3ZVJC4CoAjXScruLjLn+LYvGD+vrck9VS4DoCoutASPrSyKYgcgGhvjQprKTefCUlnK7PQ0QhwjPVaPvkkggu8ARFVvGcP5NJXrdc0VY/bvTkxgT0QYgkwBEBF8afCHIpI8a0z4U9ds1X43aCpj6mvea1lV+m9nh5OtiMkAm60okt9JgtMhACHwhzH+alnWiUg00+nIXBxL1zl93OtFP1vTAQDynFlV6VKj9rq14dewkULgZlH4h4O+AYCE5Cnn+KrTkRnnuFIUMtvrSbeucUdEz6kCqvzqffwxy5L8yOT+/v3BYRyx54gYeWjO+QfO6cc874NJSpNJm6urTAZpD8Z/iXrbYk/k+NoAAAAASUVORK5CYII=",10
https://github.com/likecoin/likecoin-api-public,GitHub - likecoin/likecoin-api-public: LikeCoin API Public api.docs.like.co,LikeCoin API Public api.docs.like.co. Contribute to likecoin/likecoin-api-public development by creating an account on GitHub.,1658972976,"data:image/png;base64,iVBORw0KGgoAAAANSUhEUgAAABAAAAAQCAYAAAAf8/9hAAABcUlEQVQ4jY3TvWpVURAF4LXvvUmuIkEsLLQKgiAW/qAkNvoUFraCDxMlqEUCghZaiyKCjU3wBewEBTUpFEvBGJEkfjZz8HAw4sCG2XvNmv+dJEFLCS7hAT5gGz9Kv4/F7CeYwUoROvlVp5NtLGPUJ44wh+f+Xx5XwFHn5E4BL3EN69jCBj6W/qqwF2W73JGX8BO7WK23CY5jWucYZgu7XbbfcW6S5EaS2apoF+Mke621T70WfUYrbDfJOMnBJNeDd9WobZzs9aU/mdbdsYBvxXmdqg82MbPvmP44G+NtOfg6StKSSHIoyYF+5L+QW5JpkvniTUZJNgs/kmSxtaaaOCxh0lqTZCnJ0Qq6EdyrdLaqjFP/yOA03mCvyl4LztflLp6U/hRnBsSHvX7t1OjPdgZrBVzArVqohZ6DE4N1hpXhKq/jPa7i4iD1Kb70nDwrzmho9KhndLiHzVefdrDabeVwPJ1+GTcx7b3N1S+8MuT8Bs9NR9kw0z0NAAAAAElFTkSuQmCC",8
https://v1.cosmos.network/rpc/v0.41.4,Cosmos Network - Internet of Blockchains,"The interoperable, scalable blockchain network. Built for developers.",1660715078,"data:image/png;base64,iVBORw0KGgoAAAANSUhEUgAAABAAAAAQCAYAAAAf8/9hAAACGElEQVQ4jW1TPWsVURA9s7uP5UU2mldYSQQVBAsLwSZVRINoY5FCEUtBGysh+A/8Af4AK1GjacQgJJGUqQIBK7VS0CCbD0zcvffu3jvH4u0mLy9vYJp758wczpwRjAiSAiAGwOZJAAQAEBHmObPxcb5W1TejwNGopgP/mbW6SJLW6qIMTxYRbm+XZ7IsvS0SXeq/6zfvow/dLvacCwtpGt9wLnxK0/j+MG0URXjkveYcCmvDprVho5m8TDI7BrY2PCFJ77lvTHhWFNUV53jZmPp5VSlJ0jndIHniANeCjTGTda2F9/q3LOupw+aribU6T5JVRTqnWyTPDzaIm+lPSbIsw4tWTJInrfXLDe33zoWXfRZhrqmJo3ZVJC4CoAjXScruLjLn+LYvGD+vrck9VS4DoCoutASPrSyKYgcgGhvjQprKTefCUlnK7PQ0QhwjPVaPvkkggu8ARFVvGcP5NJXrdc0VY/bvTkxgT0QYgkwBEBF8afCHIpI8a0z4U9ds1X43aCpj6mvea1lV+m9nh5OtiMkAm60okt9JgtMhACHwhzH+alnWiUg00+nIXBxL1zl93OtFP1vTAQDynFlV6VKj9rq14dewkULgZlH4h4O+AYCE5Cnn+KrTkRnnuFIUMtvrSbeucUdEz6kCqvzqffwxy5L8yOT+/v3BYRyx54gYeWjO+QfO6cc874NJSpNJm6urTAZpD8Z/iXrbYk/k+NoAAAAASUVORK5CYII=",10
https://meet.jit.si/g0vhala,Jitsi Meet,Join a WebRTC video conference powered by the Jitsi Videobridge,1660915152,"data:image/png;base64,iVBORw0KGgoAAAANSUhEUgAAABAAAAAQCAYAAAAf8/9hAAACDklEQVQ4jX2SwUtUYRTFf+c5D2dSRuG1iREtSMQZkKEBbUbI2RRBQdtatql/oaUQ1NJF9BeE7SModypILwaiYRYVBEo1E2FNjJTEqO+7LXpPZgw9qw/uOeeee/gGOBkCvLm5udzExMTW2NhYutlsrgMeYMSPk2CA8zzvhqQNSRdmZ2cDwCWE1Enbp6amhoMgWJS0EEXRkud5t4As0E5IxyXwAQuC4DZwxczWJZ0GglqtttVLPM5gv1QqnQIuSXoPjJvZLtCuVCpP8vn88HEGApifn784ODj4EvgFtCRNxgleA4VsNnsz5g/818HMzMwQcB/4Leky8M059zmVSj2MougF8FXSGYBqtaqjCazRaOzZPwwBr4BVSWnn3Bvgp5ntAPsAa2tr1pegVCqNpNPpe2Y2LWkDOGtmAhpmdh54Blw3s6RISxIIwPf9B8Ak8NTMfkRRtAIUJN0FPklakHRue3t7Jda5xMCKxeKopLxzruuc+yhpz/f9Rd/3p83sg5l5ZlY1s6XNzc2dZOnhCZJ8SSlgxPO8gpkVzOz5wcHBHjAsaRy4E4ZhGIutz6Db7f7JZDK7ZrYOXAPeOedyknbNbDUMw8cx1aPnKx8GACiXy48qlcqXcrl8FaBYLI4msx5xH/pKdM4tSxp1zr0FVK/XO3HUgaS0owbJwABarVYzl8t973Q69Xa73e3h2VFhgr8j79O5QfFcfQAAAABJRU5ErkJggg==",7
https://hledger.org/,Home - hledger,"plain text accounting, made easy",1653573709,"data:image/png;base64,iVBORw0KGgoAAAANSUhEUgAAABAAAAAQCAYAAAAf8/9hAAABr0lEQVQ4jY3Ty4vOcRTH8df3ecZlMhaaUpQSQgkpJEU2yEo2Jnb4F9zWZKlsbewspCh/gQgrYuGSlIWMSyPXGcZcPjbnMdNk4dTpezqnc3r/Puf8mjmWZAe2YRxBt96gYR6GW2s35vZKMphkOP9nR5O0TjW2mnEayzBZBPcr/w6PMFV5GGitZS7BvSTT5U+T7EzyI8nxJBcrP5VkLMnaJGv7krTWWpKsw6b61g6eYAOuYAwHSoOGu/iEB51ZAOcxUPE3TGA53mI3VmC66rewGYNtlgYvsboIJvGi4vX4jsFqnsYanMXivkruxcoSqYs7uFoES3CyhvbV4HfYU6KT5Fqt5le9Z5O8LsH2JRlPMlEinkuyJcmbJIs6SfqxtXAX4D2e4SdO4QTmmzmkmziEh6210Q6OYVUhTpVvx20cweEStIMPeF4budXDf/6fl5ckl5OsSDKSZKkSZTleYdTM3U8Wbm/NXXzBBRzEy9baxyRNks9JhpLMT9KfZME/fGGSbhE/TnKm4m5LMoRL+OHf1sz8jQP4il2ttZFeUZKN2F8C/s3Pst4GfuN6a+1Dr/AHnqNnhdK6PTIAAAAASUVORK5CYII=",0
https://blog.gopheracademy.com/advent-2015/ssh-server-in-go/,Writing an SSH server in Go,"When I’m working on the Gogs project, there is a need of builtin SSH server, which allows users to preform Git-only operations through key-based authentication.",1669429993,,2
https://spf13.com/presentation/building-an-awesome-cli-app-in-go-oscon/,Building an Awesome CLI App in Go – OSCON 2017 | spf13,"A workshop written and delivered by Steve Francia and Ashley McNamara at OSCON 2017 outlining the techniques, principles, and libraries you need to create user-friendly command-line interfaces and command suites before walking you through building your own app. Along the way, you’ll cover everything from how to design and build commands to working with and parsing flags, config files and remote config systems, and how to work with environment variables and 12-factor apps. By the end of the workshop, you’ll have a working knowledge of Go and your very own functioning CLI app.",1672384586,"data:image/png;base64,iVBORw0KGgoAAAANSUhEUgAAABAAAAAQCAYAAAAf8/9hAAADeElEQVQ4jVWTPUhzdxjFz/O/1yR6E5MbQaJpaBXxa0jFSVQMTWkXKxIVRPELxyJI4aWDLh20dBEL4mALLdKhJSr4gTYolVYHsQQdRIWAwbcmagkJkjcmuVdzny4Kb898fudMP8JLmJmIiG02W31/f/+42+3+RJblDwHAMIx/YrHYX2traz+lUqnz1y4A0AtPADgQCEy3tLS8eXx8dEQiESSTSQCA0+lEbW0trFbru3A4PL+ysvINAH49FwAwNDS0vLi4yH6/n20225OiKAW73W7Y7XbDarUWbDbbk8/n48XFRR4bG/vthRMSAO7p6fna5/O9WVhY0C8uLshut0sWiwUmkwlCCCiKQiUlJVI0GjUuLy/1vr6+j4uLi/ni4uJPyeVyfdTd3f3r7u6ufHZ2JjmdTmEYBjMz6bpOqqpSOp2mTCbDNptNXF9fi0QiYfj9/pZYLLYmBQKBr1RV/TwYDBqKoghmBjNTNptFe3s7JiYmkMvl4PV66f7+nicnJymfzxtWq9VcVlaWFx6P59NIJMLMTE6nk5iZHA4HNE1Dc3MzTk5OkE6nMT4+jtbWVhJCUG9vLzEzq6rql81mszubzdLS0hJtb29zfX09NTU14fz8HA6HA5WVldjY2EAymcTm5iaqqqp4dnaWrq6uqKGhoVIQERuGwTc3N2hqakJtbS1mZmagqioqKiqws7MDXddhMpng8/mgaRri8Ti8Xi9yuZwh0un0TUVFBfL5PJeXl5OmaZiamkIul8Px8TGenp5QKBRwd3cHj8eDubk5EkLww8MDM3OcBgYGphsbG2eCweBzIpGQ5ufnsb6+Tvv7+ygqKoIsy9B1HRaLBQ8PD1xTU4O7u7vC6OiofHt7+63Y29v7mZlTbrebEomEEQqF6OTkhA3DADND0zQQEbLZLJeWltLp6Sk3NjaSoijpUCj0o5TNZt9ZrdZMV1fXF/F4/DkUCsFsNguTycREBCEEiAiSJFEymTTq6uqeR0ZGig4PD6fC4fDvEgARiUT+VhSlrKenp1WWZRGNRp8zmQx0XYemacjlclwoFIyOjg5pcHBQOjg4+GF1dXUagPifTJ2dnV+2tbVNFwqFymg0ilQqBQBQVRXV1dWQZfnfo6Oj77a2tr5/ZV4H8J6iHwwPDw+5XK7PSktLPcxMj4+Psfv7+z+Wl5d/AfD2fZ3/AwVesT6zTf0tAAAAAElFTkSuQmCC",2
https://github.com/rivo/tview,"GitHub - rivo/tview: Terminal UI library with rich, interactive widgets — written in Golang","Terminal UI library with rich, interactive widgets — written in Golang - GitHub - rivo/tview: Terminal UI library with rich, interactive widgets — written in Golang",1672385852,"data:image/png;base64,iVBORw0KGgoAAAANSUhEUgAAABAAAAAQCAYAAAAf8/9hAAABcUlEQVQ4jY3TvWpVURAF4LXvvUmuIkEsLLQKgiAW/qAkNvoUFraCDxMlqEUCghZaiyKCjU3wBewEBTUpFEvBGJEkfjZz8HAw4sCG2XvNmv+dJEFLCS7hAT5gGz9Kv4/F7CeYwUoROvlVp5NtLGPUJ44wh+f+Xx5XwFHn5E4BL3EN69jCBj6W/qqwF2W73JGX8BO7WK23CY5jWucYZgu7XbbfcW6S5EaS2apoF+Mke621T70WfUYrbDfJOMnBJNeDd9WobZzs9aU/mdbdsYBvxXmdqg82MbPvmP44G+NtOfg6StKSSHIoyYF+5L+QW5JpkvniTUZJNgs/kmSxtaaaOCxh0lqTZCnJ0Qq6EdyrdLaqjFP/yOA03mCvyl4LztflLp6U/hRnBsSHvX7t1OjPdgZrBVzArVqohZ6DE4N1hpXhKq/jPa7i4iD1Kb70nDwrzmho9KhndLiHzVefdrDabeVwPJ1+GTcx7b3N1S+8MuT8Bs9NR9kw0z0NAAAAAElFTkSuQmCC",2
https://github.com/gizak/termui,GitHub - gizak/termui: Golang terminal dashboard,Golang terminal dashboard. Contribute to gizak/termui development by creating an account on GitHub.,1672386089,"data:image/png;base64,iVBORw0KGgoAAAANSUhEUgAAABAAAAAQCAYAAAAf8/9hAAABcUlEQVQ4jY3TvWpVURAF4LXvvUmuIkEsLLQKgiAW/qAkNvoUFraCDxMlqEUCghZaiyKCjU3wBewEBTUpFEvBGJEkfjZz8HAw4sCG2XvNmv+dJEFLCS7hAT5gGz9Kv4/F7CeYwUoROvlVp5NtLGPUJ44wh+f+Xx5XwFHn5E4BL3EN69jCBj6W/qqwF2W73JGX8BO7WK23CY5jWucYZgu7XbbfcW6S5EaS2apoF+Mke621T70WfUYrbDfJOMnBJNeDd9WobZzs9aU/mdbdsYBvxXmdqg82MbPvmP44G+NtOfg6StKSSHIoyYF+5L+QW5JpkvniTUZJNgs/kmSxtaaaOCxh0lqTZCnJ0Qq6EdyrdLaqjFP/yOA03mCvyl4LztflLp6U/hRnBsSHvX7t1OjPdgZrBVzArVqohZ6DE4N1hpXhKq/jPa7i4iD1Kb70nDwrzmho9KhndLiHzVefdrDabeVwPJ1+GTcx7b3N1S+8MuT8Bs9NR9kw0z0NAAAAAElFTkSuQmCC",2
https://meet.linchpins.cloud/justin-piano-lesson#config.disableAP=true,Jitsi Meet,Join a WebRTC video conference powered by the Jitsi Videobridge,1669291169,"data:image/png;base64,iVBORw0KGgoAAAANSUhEUgAAABAAAAAQCAYAAAAf8/9hAAACDklEQVQ4jX2SwUtUYRTFf+c5D2dSRuG1iREtSMQZkKEBbUbI2RRBQdtatql/oaUQ1NJF9BeE7SModypILwaiYRYVBEo1E2FNjJTEqO+7LXpPZgw9qw/uOeeee/gGOBkCvLm5udzExMTW2NhYutlsrgMeYMSPk2CA8zzvhqQNSRdmZ2cDwCWE1Enbp6amhoMgWJS0EEXRkud5t4As0E5IxyXwAQuC4DZwxczWJZ0GglqtttVLPM5gv1QqnQIuSXoPjJvZLtCuVCpP8vn88HEGApifn784ODj4EvgFtCRNxgleA4VsNnsz5g/818HMzMwQcB/4Leky8M059zmVSj2MougF8FXSGYBqtaqjCazRaOzZPwwBr4BVSWnn3Bvgp5ntAPsAa2tr1pegVCqNpNPpe2Y2LWkDOGtmAhpmdh54Blw3s6RISxIIwPf9B8Ak8NTMfkRRtAIUJN0FPklakHRue3t7Jda5xMCKxeKopLxzruuc+yhpz/f9Rd/3p83sg5l5ZlY1s6XNzc2dZOnhCZJ8SSlgxPO8gpkVzOz5wcHBHjAsaRy4E4ZhGIutz6Db7f7JZDK7ZrYOXAPeOedyknbNbDUMw8cx1aPnKx8GACiXy48qlcqXcrl8FaBYLI4msx5xH/pKdM4tSxp1zr0FVK/XO3HUgaS0owbJwABarVYzl8t973Q69Xa73e3h2VFhgr8j79O5QfFcfQAAAABJRU5ErkJggg==",7
https://www.ledger-cli.org/3.0/doc/ledger3.html,Ledger: Command-Line Accounting,Ledger: Command-Line Accounting,1654075873,,0
https://devhints.io/ledger,Ledger CLI cheatsheet,"The one-page guide to Ledger CLI: usage, examples, links, snippets, and more.",1654531929,"data:image/png;base64,iVBORw0KGgoAAAANSUhEUgAAABAAAAAQCAIAAACQkWg2AAAB7ElEQVQ4jTVSu4pVURTL2ufcOXMdRvGFhSAWgp0gFoIWgmJhq7/hN/gjFv6EIlgLFmJhIQgi2IkwguPj3r32WiuxuFonIQmJPXv8QTBJAkBRJgiGIklIkkBBEAVRcyYK/A8IQAZ7r2XdZCaKAiUBJUiae+aOKknWwuvgzHT1+slP7397Z5vEkmQSCVBqXuxJDzq16TmdsFsPz5+5tLr96GxketKTntGrPOlRzQc9qidH8NfvOH957/s3f/rk87y05VQ7Ph6jqoc85FGenHvWLg5gHuWjZLp68/DH97hy/WBa48vH7d6+VYGgiNmToiTI1JM9OC3txr1zfVvnLu4fHY0/259YTZmAVNLsUQREmaFnZbHIzbYmg3d6L0/NoSpRojB7liQS1uCjolglSSGsoCh51BRWJEsAZo9/I6DBgyNJcQQBkTaKfdSUViVyJ0hJpGCGHkzRo/ZPNDP4KFI9a5XINEn812FnYRhVm02NoaNvm3mx9bptR42kR8ukAJLNs0bWyOqjpsXevf2xt7S9tcXg6bPLm9dH89K2PT3Lo0bS7t94uduBAoDIag13H1yY5/bqxdc/W86TkSRMFAG7c+05JUISRAgq6edxkDo4XFlDUaIIibYrXbs/EoBEScL6cJIQSaYgAwAzCDD7C+WPD+374FeFAAAAAElFTkSuQmCC",0
https://www.sundialdreams.com/report-scripts-for-ledger-cli-with-gnuplot/,Report Scripts for Ledger CLI with Gnuplot,"I’ve been using Ledger CLI for a year now. It’s really a feature-rich command-line double-entry accounting tool, but the only one thing missed is data visualization. Although Ledger has a report scrip",1660232648,"data:image/png;base64,iVBORw0KGgoAAAANSUhEUgAAABAAAAAQCAYAAAAf8/9hAAACoklEQVQ4jWWTvUsrURDFf7P3ZjcfhnxVYiGIWFhYaBBZsLAWrPInCJYpYxbBh4ZgY6F9wL/BUrCys7QSFFEIamFUookm2WReYRJ8vFvNZeYcZs7hABSANtAHBoB6nqeJREIBdV1Xc7mcxmIxBXQ40x9iCoxAv8GHh4e6v7+v0WhUgyDQu7s73draUkBFRH9jLCCAGmPE8zzd29sTYwzHx8ccHBzQ6/XwfR/HcchkMrRaLe12uzIkEICBMUZFZFCpVLRWq2kul9Nqtaq1Wk3T6bSWy2VtNBpar9d1Z2dH4/H4wBijwMAAf1QVEZGLiwuWl5fJ5/NUq1XW1taYnJzEGMPz8zMbGxusr6+zsrIi5+fnWGtltAqu6+K6LhMTE1hreXp6whiDiBCJREgkErRaLRzHodPp0Ol0AMBaq4CWy2V9eXnR6+trvb+/1yAI1Fqr1lotlUr68PCg9Xpdy+Wyep6nwxPUEREApqamOD09xfd9lpaWmJ6eplgsUiwWmZmZYXFxkYWFBbLZLEEQ0O/3sdZiVRUAVeX9/Z3X19fxPx6Pj+tGowFApVIhEokAEIYhdrSBiJBOp8lkMogIIkK73R73stksANvb23x9fbG7u4u19n8Nbm5u9PHxUYMgUM/z1HVdLZVKWq/Xf9s41uAfF6LRKGEY0uv1GAwG9Pt9AOLxONZajDF8fHwQhiGj54wIut2uNptNkskkvu9jjCGRSACwublJPp/n7e1tRKpDvFpAHMfRSCQiJycnent7K6lUitnZWebm5ri6umJ1dZVGo0GhUGB+fl6Pjo6k2Wyqqor9EVnFcRxNpVJyeXlJGIaoKslkks/PT87OzkilUnQ6Hb6/v0V/rBufXwDaItLPZDIDQGOxmDqOM0qejoQepvGfOP8FBLtYTq7rgb8AAAAASUVORK5CYII=",0
https://www.cnblogs.com/rongfengliang/p/15924816.html,基于golang+openssh 服务实现一个简单的git over ssh 服务 - 荣锋亮 - 博客园,昨天看了开源的codefever 以及以前简单学习过gogs，刚才学习下git over ssh 的实现机制 基于openssh + golang （golang 部分参考了gogs 处理）实现了一个简单的git server （ssh 协议的） 原理说明 核心还是我们的openssh server,1672944718,"data:image/png;base64,iVBORw0KGgoAAAANSUhEUgAAABAAAAAQCAYAAAAf8/9hAAACU0lEQVQ4jZ1Sz2sTURD+5m22SUOWwkJsbcGLFAUpUlAvgjcPFXoTL+pFehAV9R8QAh57EkHwJvQiQdBLxZM5SumpiGjxVjBJN9339sfbZHezm/HQRJNSe3Auw5v55sc33wOOMWYmAPB9/2kURU2tdScIgvXx3D+NmQUAeJ63Foah0lrfkVKudrvd757nvQKAer1unNgEAJRSP13XvTl6dzqd057nqXa7fWocJ44rrtVqgpmn+v3+D2Y2mNmsVqstZm6WSqXVg4ODhSH0kI7jOItHKSil6kEQfBjFfd9/qJT6KqX8rJS6N8QaAgBM07yhtb44tgQlSfJICHE2iqJvYRh+EUI8Y+bX09PTVwEsHaUg+/3+k/Fbzs3NOdvb28tE9Nw0zY04jhcBLJVKpSlmvgQARDQ4rJbyjFLK0VrPjlGZkMtxnJUkSTgIApZShq1Wq/pnA9u29wDEaZqujbgBIGYuAECr1bpiWdY7AMiyLCyXy5VisXgeAMQQDGb+RET3h5OZiAZElPm+f9u27S3DMApa6zUiulssFiGEODdxddd1rzMzO46zDABJklyIouhlHMc7cRyv7+7uLgzxJa11opR68VdHAM1ms2xZVpuIwjzPfxHRZSHEVpZl7/M837Esq93r9fZmZmak67qbRCRs214pjGSbn5/vuq57q1KpXEvT1CSizcFgkBiG0SOiapZlfp7n+RD/hoge43+t0+lYUsq3jUajMJFgZtFoNArMbIw8Mxv1et2o1WpiXF4p5YP9/f3ZiQ7DjzE4aToRjfzHNE37vwHpBmI8oxdj0wAAAABJRU5ErkJggg==",2
https://github.com/gogs/git-module,GitHub - gogs/git-module: Package git-module is a Go module for Git access through shell commands,Package git-module is a Go module for Git access through shell commands - GitHub - gogs/git-module: Package git-module is a Go module for Git access through shell commands,1672946507,"data:image/png;base64,iVBORw0KGgoAAAANSUhEUgAAABAAAAAQCAYAAAAf8/9hAAABcUlEQVQ4jY3TvWpVURAF4LXvvUmuIkEsLLQKgiAW/qAkNvoUFraCDxMlqEUCghZaiyKCjU3wBewEBTUpFEvBGJEkfjZz8HAw4sCG2XvNmv+dJEFLCS7hAT5gGz9Kv4/F7CeYwUoROvlVp5NtLGPUJ44wh+f+Xx5XwFHn5E4BL3EN69jCBj6W/qqwF2W73JGX8BO7WK23CY5jWucYZgu7XbbfcW6S5EaS2apoF+Mke621T70WfUYrbDfJOMnBJNeDd9WobZzs9aU/mdbdsYBvxXmdqg82MbPvmP44G+NtOfg6StKSSHIoyYF+5L+QW5JpkvniTUZJNgs/kmSxtaaaOCxh0lqTZCnJ0Qq6EdyrdLaqjFP/yOA03mCvyl4LztflLp6U/hRnBsSHvX7t1OjPdgZrBVzArVqohZ6DE4N1hpXhKq/jPa7i4iD1Kb70nDwrzmho9KhndLiHzVefdrDabeVwPJ1+GTcx7b3N1S+8MuT8Bs9NR9kw0z0NAAAAAElFTkSuQmCC",2
https://help.nextcloud.com/t/nextcloud-really-slow-after-installation/74719,Nextcloud really slow after installation,"I installed Nextcloud using Docker/docker-compose with mariadb. After I finally got the connection to the database working I noticed that the webinterface is really slow, like unusably slow. Its running on a VM with 4GB RAM and 2 virtual CPUs, so that shouldnt be the problem. RAM and CPU usage is also quite low. I was thinking that this may be an issue with the database as there are also some warnings in the admin panel. This is my docker-compose.yml version: '3' volumes: nextcloud: db: ...",1638376030,"data:image/png;base64,iVBORw0KGgoAAAANSUhEUgAAABAAAAAQCAYAAAAf8/9hAAACM0lEQVQ4jXWTPU9UURCGnzl3WTZcLGgEtaaARgtpwd8AJT9A9DcgInT8AdQYYqEdEWokEW12VTBaWbgWxA9YC5cgS+6ye+e1OCwffkwyxclkzpl53+cY8+UhVFjEGEUSyADj3yEwYWbAS5qHtwMe7tPdM4ZyP9csnc8YBjKUO8WeG3SVFguYjdI8yMECYJgJdzMzQoh3uSsOF4KQDCzQPMgxGyscX58EA2GSu4VgeMvJm3l8tzshdAXc3SwEGTIXCUgFzEDCmy4CFooBb7S50ldifKQPgGcff/Kt3iSkBfwoNzmiGAwzjLtlIbg2kFJrHLGz22B8pJ+nE4NnlWNy+RMrmzUuDaT0p0Xe7zaiWulcReuf99SSVM9amlqt6lezrUebuyrNlFW6U9bSVk37WVtTK1XVs5Zaktare0rnKmJ6bVvt3DW88FYPKzuSpC97mYqzZTETs3u2rK97mSTpQWVHwwubaueu6bVthVOLDbOzp/+HdQxF0PvHCjdX4gpLW7WTFR6/q2m/GWudFZ5X60rvVWTMlAVwdSDlR0fE6/08mRg8mcglJperrG5FES+mRT4ci2jMv3Ek4+i8jZf7uhkf6thY5/uJjQ6nNsqYe+2A/QVS2yE7BqmUEAoBd3EGJAAViCTlLgLICEHubpYEwoXkBGX3iLIkU0TDwZKA6xWl3iTCTmTdDEnkuZPnHkuRWItcySn1JrhvBNrZFFljg5AYmI7Biw1n89x3TgLZ4QvwW78BifGLpMSWjHQAAAAASUVORK5CYII=",3
https://nextcloud.com/de/blog/nextcloud-hub-2-brings-major-overhaul-introducing-nextcloud-office-p2p-backup-and-more/,"Nextcloud Hub II brings major overhaul, introducing Nextcloud Office, P2P backup and more - Nextcloud","At a digital event streamed worldwide, the Nextcloud team introduced the availability of Nextcloud Hub II, the third major product launch this year and the 23rd major software release! Watch our announcement LIVE and ask questions afterward during our Q&A! Nextcloud Hub II brings a wide range of improvements for both private users and enterprises. […]",1638376030,"data:image/png;base64,iVBORw0KGgoAAAANSUhEUgAAABAAAAAQCAYAAAAf8/9hAAACi0lEQVQ4jYWTz2tdVRSFv3Xufe/ll5HUotGRLQ5s8R+wASdx6kRB0IGz4FjHIYoSpdK/wNCiM0FTcOCkWAVtE1Nj7SCmWLBpNT6tNpH3+vry7n33nOXgJrYDxQ17sDlrsfeBb4k3vzlOCO8jTmCzX+LfqxZIYFYo41xAWqI1NkNK/h/zvbeUTGtshoaWAuIEg7sJSfsCYyMgU90C9q8zICTte2ZywIig+jQ7JYUgUjRxmGpPIyNkIiVLIRhbVr0sr/9jXNkEK8tELCITEw1mn5xCEue3OtzpDclaGTEmkTC5hEROFYXE0cMjur03pLtb8MyxKT56/gkOjeYY6AwqXj77E1/8sMPkQyMcHm3o+u4AnMQDi2s+e3XH0fZ2t/CLH19z+07hT3/c9fR7637k5LqXN3d8q1f4pU+uebtbONpe3tzxxOKaef3cDRdV9OzpDX945U/b9q1e4Yl3vzXzK2Z+xaPvXPKv3cK2/cGVP/zsmQ2XVfRr5244TDZzymi+/73PzU4BwKAygypBLshFcTADNzsFl3/rU0Yz2cxg+tS6L7d7tu1+GT1//md3i6FPXmybhVWzsOrFr7bdKyu/8eUv7pfRtv1du+fpU+sWC6seH82ZPTLJ9b8KNrY6vPL0oyw9d4Tb/QqAh8cavPrZFmdW2jz1+IMcnWrx+VaX/l6F9Pal5JjE0Cag0AykQeTYY+O8cPwQApav7rLZvktoZaQyQcI0JGXB4q21BCgTJGTbksDDBEWsAW5mqBmwQZIDVqzBdw4IkyIILMBOlvJA1gwAxHRAMratCMY1wQF8kZHxgO37WMdAler+J6P3smJGxgOJC4HScwz2LhDCQQrv0/9HnEMQRf9ryOb+BtbBiF+cE8kZAAAAAElFTkSuQmCC",3
https://cnvrg.io/tensorboard-guide/,The complete guide to ML model visualization with Tensorboard | cnvrg.io,"While building machine learning models, you have to perform a lot of experimentation to improve model performance. Tensorboard is a machine learning",1638376030,"data:image/png;base64,iVBORw0KGgoAAAANSUhEUgAAABAAAAAQCAIAAACQkWg2AAABIUlEQVQ4jd2QMYuCYACG3++L1FDBzdEhXIJwa3EoENocHBr8Aza5+Qfc/APRFNSfaAhHF5eIoClqahAESVBQRGk4OI6b7oJb7pned3iWB/gHEEJ+7YiiyHEcAJZlv/q9Xg+AIAgMwwDgeR4AWSwWjuOsVitCyHK5PB6Pl8ulaZp+v1+W5WQyUVV1vV5rmjadTq/XK6Io0jQNgO/7QRBst9vZbLbZbHa73XA4DMNwNBoJghCG4Xw+3+/39HA4eJ6n63qe58/ns23bOI4lSaKU3m63qqryPC+K4nQ62bbddR0BYBjG/X7PsoxlWYZhHo+HLMtd16VpqihKkiR1XVuW5bru+Xz+aZjxeGya5mAwAABK6Wecj/HtvgMhhFL6pvzHvADV02hyxlc85gAAAABJRU5ErkJggg==",4
https://www.tensorflow.org/api_docs/python/tf/summary/image,tf.summary.image | TensorFlow v2.15.0.post1,Write an image summary.,1638376030,"data:image/png;base64,iVBORw0KGgoAAAANSUhEUgAAABAAAAAQCAYAAAAf8/9hAAAB3ElEQVQ4jX3SP2iVZxQG8N957/d9Sb2XRM3imqWDgx26FLoVMuguOBlxFEWpDiJBbv9QLNLWNTiILg6dS3Fz65RBEVxcnJQIQlDsTXLvdxzuH0PSeraX93nOeZ7nnDCppCCDTMItV6WvNGg8cclvs7++iL6WMUn2laANMm9a8ZPH5t0WloQlXbfd9TjvWQky+trsj7kxU3DZCT1raqc1qLWG/laj56RaUaP408jPseopRF7Tla6rfW/eISNDlVZPbXvSYMFJ7KoUiyrpgx2/G7lV7FgW1jBvF40KRSsUqSMRUvGFyjZa8yprGstFaqV35hS8susHYWvsEO00KVv+dVN4o6vgnaItOhPHAw8MfRM/6ktFTObmeEVCY+AP27703gOt2q6mMrSp8l386h/IKw6LCSmFmKk4pOeZjhtxxmo+tG5g89MWphu5oOuYl3qO2vGXWug5pTXUU+lg6Hic9Xz/HWSQehPxnzonk1indorIvpIpxscwuar/rWmIQ+ewgU70tRGyfJY4cweqOO++I77VeDH9rA7A30tdoz3ip5GOct1inLK1F36wQUfBAjPHUxULtmfvfe721msDPFIpqKRKrUiPvDXYD48DDaYjf3FF+FqDORtx0Z3/wn0EQwuf34EyXQkAAAAASUVORK5CYII=",4
https://www.tensorflow.org/api_docs/python/tf/keras/layers/Dropout,tf.keras.layers.Dropout | TensorFlow v2.15.0.post1,Applies Dropout to the input.,1638376030,"data:image/png;base64,iVBORw0KGgoAAAANSUhEUgAAABAAAAAQCAYAAAAf8/9hAAAB3ElEQVQ4jX3SP2iVZxQG8N957/d9Sb2XRM3imqWDgx26FLoVMuguOBlxFEWpDiJBbv9QLNLWNTiILg6dS3Fz65RBEVxcnJQIQlDsTXLvdxzuH0PSeraX93nOeZ7nnDCppCCDTMItV6WvNGg8cclvs7++iL6WMUn2laANMm9a8ZPH5t0WloQlXbfd9TjvWQky+trsj7kxU3DZCT1raqc1qLWG/laj56RaUaP408jPseopRF7Tla6rfW/eISNDlVZPbXvSYMFJ7KoUiyrpgx2/G7lV7FgW1jBvF40KRSsUqSMRUvGFyjZa8yprGstFaqV35hS8susHYWvsEO00KVv+dVN4o6vgnaItOhPHAw8MfRM/6ktFTObmeEVCY+AP27703gOt2q6mMrSp8l386h/IKw6LCSmFmKk4pOeZjhtxxmo+tG5g89MWphu5oOuYl3qO2vGXWug5pTXUU+lg6Hic9Xz/HWSQehPxnzonk1indorIvpIpxscwuar/rWmIQ+ewgU70tRGyfJY4cweqOO++I77VeDH9rA7A30tdoz3ip5GOct1inLK1F36wQUfBAjPHUxULtmfvfe721msDPFIpqKRKrUiPvDXYD48DDaYjf3FF+FqDORtx0Z3/wn0EQwuf34EyXQkAAAAASUVORK5CYII=",4
"https://playground.tensorflow.org/#activation=relu&batchSize=10&dataset=circle®Dataset=reg-gauss&learningRate=0.03®ularizationRate=0&noise=20&networkShape=4,5,4,4,2&seed=0.23401&showTestData=false&discretize=false&percTrainData=70&x=true&y=true&xTimesY=false&xSquared=false&ySquared=false&cosX=false&sinX=false&cosY=false&sinY=false&collectStats=false&problem=classification&initZero=false&hideText=false",Tensorflow — Neural Network Playground,Tinker with a real neural network right here in your browser.,1638376030,"data:image/png;base64,iVBORw0KGgoAAAANSUhEUgAAABAAAAAQCAIAAACQkWg2AAAC6UlEQVQ4jU3S7WuVZRwH8O/vuq/73PfOOW5zYztbO2purVnq2dzANnEpHMfwAYtVFGoQkmX4tHdBSJAcCSKCYChoawURQ0V8UUvNLNZSM5PplrEHz2wbNdy0bee4cz9d168XvunzN3yorHl7znEXHAeA0hAESwopKNDsBJoBScRgAGHbzrMt6bhuoqZqfX3C9YOiPMPTmJh15xyVbxtLCy1T0JyjmDlkyr6btweG78rsQq65ofZo+1sAekYfXb6bWSztUmk6vp8Ncpuq8jdXRwAAOPzpiav9g5IgAt9zAnXg7Eg0Etn93JJKMWm79x2rZFjFj/fe6xkIPtq2TArDcT1BQmqwFZKp3pm1T5buqffx035kJxCNRzITa6LxE22p9y+7qR8mj26uZBADojgsu/uniwvCe9Y47uldWLruYfKr3uUfTie/RkmNf+q1I8mCP2a89FwQMYVmFr5iAexuWBR8/67VuPcbe8fWzrHOG4+2dk3+XHFIxFbhzhcbVyy7MDQXDgnNLLJu0PpsWUHuL9LB37GXjpzu73ix4svaC+1PjX387T9G9RaeSS/Pl/OOIgFmCLC2bZunbxmxFRdHnQ2r4w34LvPjJ313RlbWlPO/o2yG5gMYAsQAQRCR1gAJMAwBAGBDR8v37Wr7IHbRu3ZS1L3eOzJV90TU1UIAgkFQHpXWqenhlir7yp+T94peLqhtWXn1TXOw02rrODe+ZOphZlNl3vz4r4a0JUCkcmzFA4TKHvS0b2vd0XXrneS+jRvenlVW983ZG+n0sZ0JTn/GD4Zglkgi0swqUNz4nnvp4CvPF8ZfXdf1y/j5QU3gmvL8U28kFg12KG8Kz+yk37qlZm1btpSGLK7GC8dxLdUUu9K0PQkjBgqQuY7+SzBLRGPKvv651poK17aufrpqfX3C91wyI2BfD53hhfsyXKSVr5yMEW9CRbOpsn2/3x4YGaP/9yZowIC9GCDWPohImAhy7M2DjMe9/wPYZFjG7EJf1gAAAABJRU5ErkJggg==",4
https://neptune.ai/blog/how-to-train-your-own-object-detector-using-tensorflow-object-detection-api,How to Train Your Own Object Detector Using TensorFlow Object Detection API,Step-by-step guide on training an object detector with TensorFlow API: from setup and data prep to model configuration and training.,1642755368,"data:image/png;base64,iVBORw0KGgoAAAANSUhEUgAAABAAAAAQCAYAAAAf8/9hAAABiElEQVQ4jcWSv2tTcRTFP/d+33tfXsh7IZamj+QFx4pKwYI6VFcHJ/+IotDZRXAUHAR3V/8BRdHVod0EJxEVQbQhEgulFhOLvHyvSyIxFZcqnumeM9wf5x7435A/cJvTjH8BN0vKsjyf5/l6kiRvR6PRV4But3s2z/OraZp+GA6He/MNomnR6XQWROSOql703n8HbgN14K6qrsVx7IEbgE7OMSZEAczsgogcq6rquqheAaTdbq8AqZndEpHVZrPZAAIzfujPVVSXBb5UVbXloFiq1xdFZAXYtYOD+yKyXKvVTmZZtlAUxanZBgHAhfBax+N7g8HgpTM+pVl2JhI57WC3t7PzTkL4BnSajca6j+Obhzx43+8/mvGmLxpdUqwYw4uJ9jxy7pyYnQhmU02nJyTHy/Jyq9VaArBgzxCumehqFcJTgBDCE4ENgzXMNn954yKkPmtsqEWv9of7nyVyb3wSFxZ4uN3vPQZIvP8Yqe6ZyNZ2r/cAqJgLl+NwMo+M30X9rw85Gn4AM/h4uAjD3zMAAAAASUVORK5CYII=",4
https://stackoverflow.com/questions/43147983/could-not-create-cudnn-handle-cudnn-status-internal-error,could not create cudnn handle: CUDNN_STATUS_INTERNAL_ERROR,I installed tensorflow 1.0.1 GPU version on my Macbook Pro with GeForce GT 750M. Also installed CUDA 8.0.71 and cuDNN 5.1. I am running a tf code that works fine with non CPU tensorflow but on GPU,1642873078,"data:image/png;base64,iVBORw0KGgoAAAANSUhEUgAAABAAAAAQCAYAAAAf8/9hAAABXklEQVQ4jbWQsUsCYRjGn/fuSu/Sk3ALmlzNtoagKRqSaHMKGkKhEOV0KWispSXPQaglAnNobOgfaCyIcgicmxO9zFPv/N5WwTs5gt7x+5739/2eDwgw/bK67HcnBQG4Ag3L0LJ/BoBFDuDzTiGUCAywDC3bNbRtANCrwxaBziRZanAGcjADwR8AX1uGesEZyFGzXwO43VsKn07GaJa5lY/GMefUAYooEvaELDnCEW9M2I1V7GdPg04hlLAM7dYqqut67ftLNwdpMB5dgRfXdVMgHIFpx9egfbwYk0eDA2LKAWJMkK6cUOhOGdkpZmoQiy29OmwFq1AKb5CgQyakAXqQJKpELn/eJzPK1JKhPhHjk4EmMzUVmU/coVLkeXff672pk155YXUsxikCJQFeYVCSgCiAV920N311b+r37FslH413S+qaV86rggfIBbG38RRAN+2ZHzsTMKvGv80vvziHGAusG84AAAAASUVORK5CYII=",4
https://stackoverflow.com/questions/53698035/failed-to-get-convolution-algorithm-this-is-probably-because-cudnn-failed-to-in,"Failed to get convolution algorithm. This is probably because cuDNN failed to initialize,","In Tensorflow/ Keras when running the code from https://github.com/pierluigiferrari/ssd_keras, use the estimator: ssd300_evaluation. I received this error. Failed to get convolution algorithm. ...",1642873080,"data:image/png;base64,iVBORw0KGgoAAAANSUhEUgAAABAAAAAQCAYAAAAf8/9hAAABXklEQVQ4jbWQsUsCYRjGn/fuSu/Sk3ALmlzNtoagKRqSaHMKGkKhEOV0KWispSXPQaglAnNobOgfaCyIcgicmxO9zFPv/N5WwTs5gt7x+5739/2eDwgw/bK67HcnBQG4Ag3L0LJ/BoBFDuDzTiGUCAywDC3bNbRtANCrwxaBziRZanAGcjADwR8AX1uGesEZyFGzXwO43VsKn07GaJa5lY/GMefUAYooEvaELDnCEW9M2I1V7GdPg04hlLAM7dYqqut67ftLNwdpMB5dgRfXdVMgHIFpx9egfbwYk0eDA2LKAWJMkK6cUOhOGdkpZmoQiy29OmwFq1AKb5CgQyakAXqQJKpELn/eJzPK1JKhPhHjk4EmMzUVmU/coVLkeXff672pk155YXUsxikCJQFeYVCSgCiAV920N311b+r37FslH413S+qaV86rggfIBbG38RRAN+2ZHzsTMKvGv80vvziHGAusG84AAAAASUVORK5CYII=",4
https://jitsi.pdis.dev/,Jitsi Meet,Join a WebRTC video conference powered by the Jitsi Videobridge,1652706797,"data:image/png;base64,iVBORw0KGgoAAAANSUhEUgAAABAAAAAQCAYAAAAf8/9hAAACDklEQVQ4jX2SwUtUYRTFf+c5D2dSRuG1iREtSMQZkKEBbUbI2RRBQdtatql/oaUQ1NJF9BeE7SModypILwaiYRYVBEo1E2FNjJTEqO+7LXpPZgw9qw/uOeeee/gGOBkCvLm5udzExMTW2NhYutlsrgMeYMSPk2CA8zzvhqQNSRdmZ2cDwCWE1Enbp6amhoMgWJS0EEXRkud5t4As0E5IxyXwAQuC4DZwxczWJZ0GglqtttVLPM5gv1QqnQIuSXoPjJvZLtCuVCpP8vn88HEGApifn784ODj4EvgFtCRNxgleA4VsNnsz5g/818HMzMwQcB/4Leky8M059zmVSj2MougF8FXSGYBqtaqjCazRaOzZPwwBr4BVSWnn3Bvgp5ntAPsAa2tr1pegVCqNpNPpe2Y2LWkDOGtmAhpmdh54Blw3s6RISxIIwPf9B8Ak8NTMfkRRtAIUJN0FPklakHRue3t7Jda5xMCKxeKopLxzruuc+yhpz/f9Rd/3p83sg5l5ZlY1s6XNzc2dZOnhCZJ8SSlgxPO8gpkVzOz5wcHBHjAsaRy4E4ZhGIutz6Db7f7JZDK7ZrYOXAPeOedyknbNbDUMw8cx1aPnKx8GACiXy48qlcqXcrl8FaBYLI4msx5xH/pKdM4tSxp1zr0FVK/XO3HUgaS0owbJwABarVYzl8t973Q69Xa73e3h2VFhgr8j79O5QfFcfQAAAABJRU5ErkJggg==",7
https://www.ledger-cli.org/,"ledger, a powerful command-line accounting system - ledger",Website and documentation for the open source command-line double-entry accounting system named ledger,1653406183,,0
https://github.com/themefisher/kross-hugo,"GitHub - themefisher/kross-hugo: Kross is a creative, sleek and modern personal portfolio Hugo theme with a gorgeous appearance.","Kross is a creative, sleek and modern personal portfolio Hugo theme with a gorgeous appearance. - GitHub - themefisher/kross-hugo: Kross is a creative, sleek and modern personal portfolio Hugo them...",1646574430,"data:image/png;base64,iVBORw0KGgoAAAANSUhEUgAAABAAAAAQCAYAAAAf8/9hAAABcUlEQVQ4jY3TvWpVURAF4LXvvUmuIkEsLLQKgiAW/qAkNvoUFraCDxMlqEUCghZaiyKCjU3wBewEBTUpFEvBGJEkfjZz8HAw4sCG2XvNmv+dJEFLCS7hAT5gGz9Kv4/F7CeYwUoROvlVp5NtLGPUJ44wh+f+Xx5XwFHn5E4BL3EN69jCBj6W/qqwF2W73JGX8BO7WK23CY5jWucYZgu7XbbfcW6S5EaS2apoF+Mke621T70WfUYrbDfJOMnBJNeDd9WobZzs9aU/mdbdsYBvxXmdqg82MbPvmP44G+NtOfg6StKSSHIoyYF+5L+QW5JpkvniTUZJNgs/kmSxtaaaOCxh0lqTZCnJ0Qq6EdyrdLaqjFP/yOA03mCvyl4LztflLp6U/hRnBsSHvX7t1OjPdgZrBVzArVqohZ6DE4N1hpXhKq/jPa7i4iD1Kb70nDwrzmho9KhndLiHzVefdrDabeVwPJ1+GTcx7b3N1S+8MuT8Bs9NR9kw0z0NAAAAAElFTkSuQmCC",9
https://github.com/likecoin/testnets,GitHub - likecoin/testnets: Testnet configurations for LikeCoin chain,Testnet configurations for LikeCoin chain. Contribute to likecoin/testnets development by creating an account on GitHub.,1650613252,"data:image/png;base64,iVBORw0KGgoAAAANSUhEUgAAABAAAAAQCAYAAAAf8/9hAAABcUlEQVQ4jY3TvWpVURAF4LXvvUmuIkEsLLQKgiAW/qAkNvoUFraCDxMlqEUCghZaiyKCjU3wBewEBTUpFEvBGJEkfjZz8HAw4sCG2XvNmv+dJEFLCS7hAT5gGz9Kv4/F7CeYwUoROvlVp5NtLGPUJ44wh+f+Xx5XwFHn5E4BL3EN69jCBj6W/qqwF2W73JGX8BO7WK23CY5jWucYZgu7XbbfcW6S5EaS2apoF+Mke621T70WfUYrbDfJOMnBJNeDd9WobZzs9aU/mdbdsYBvxXmdqg82MbPvmP44G+NtOfg6StKSSHIoyYF+5L+QW5JpkvniTUZJNgs/kmSxtaaaOCxh0lqTZCnJ0Qq6EdyrdLaqjFP/yOA03mCvyl4LztflLp6U/hRnBsSHvX7t1OjPdgZrBVzArVqohZ6DE4N1hpXhKq/jPa7i4iD1Kb70nDwrzmho9KhndLiHzVefdrDabeVwPJ1+GTcx7b3N1S+8MuT8Bs9NR9kw0z0NAAAAAElFTkSuQmCC",8
https://github.com/likecoin/dao,GitHub - likecoin/docs: Documentation for Liker Land and LikeCoin.,Documentation for Liker Land and LikeCoin. Contribute to likecoin/docs development by creating an account on GitHub.,1650614812,"data:image/png;base64,iVBORw0KGgoAAAANSUhEUgAAABAAAAAQCAYAAAAf8/9hAAABcUlEQVQ4jY3TvWpVURAF4LXvvUmuIkEsLLQKgiAW/qAkNvoUFraCDxMlqEUCghZaiyKCjU3wBewEBTUpFEvBGJEkfjZz8HAw4sCG2XvNmv+dJEFLCS7hAT5gGz9Kv4/F7CeYwUoROvlVp5NtLGPUJ44wh+f+Xx5XwFHn5E4BL3EN69jCBj6W/qqwF2W73JGX8BO7WK23CY5jWucYZgu7XbbfcW6S5EaS2apoF+Mke621T70WfUYrbDfJOMnBJNeDd9WobZzs9aU/mdbdsYBvxXmdqg82MbPvmP44G+NtOfg6StKSSHIoyYF+5L+QW5JpkvniTUZJNgs/kmSxtaaaOCxh0lqTZCnJ0Qq6EdyrdLaqjFP/yOA03mCvyl4LztflLp6U/hRnBsSHvX7t1OjPdgZrBVzArVqohZ6DE4N1hpXhKq/jPa7i4iD1Kb70nDwrzmho9KhndLiHzVefdrDabeVwPJ1+GTcx7b3N1S+8MuT8Bs9NR9kw0z0NAAAAAElFTkSuQmCC",8
https://dydx.exchange/blog/dydx-chain,Announcing dYdX Chain,"Rebuilding dYdX as a standalone Cosmos based blockchain featuring a fully decentralized, off-chain, orderbook and matching engine.",1656117123,"data:image/png;base64,iVBORw0KGgoAAAANSUhEUgAAABAAAAAQCAYAAAAf8/9hAAACxklEQVQ4jVWTQYiUZRjHf//3nW925ltnBlcyhKVdHCnyMGQZhUiCeAi8ePDoFqiURCvL6koZpIKwJO1K0CW8iERX8WKnwvWQlNBN2sq2S4QWuTvfzI47O9/3Ph2+mVUfeG7v8+f9/57/I4B6/fXThYI7ZcZzYI68BJgkniqTnDnn/g0hnVtc/PFz7djx2rRzhTmzgJlZoeABEULAzBgIeO+RIMsCIHnvSdPslOr1V5dB1VwdlyQtQghUq1W89wLMzEiSFgC1WlWgzDnJzBJt377LAAOQxPHjE5RKJa5e/YZms4X3nkLBc+zYBMVixJUr11hb6+K9www5s2BmhnOi1WqRZRlTUyd08uT7dLtrNJsJU1MnmJn5UKXSEI8eLeO9IwTDzEzj442Q88p/sLLSZH7+IocOHdTRo5OWZYEbN77W7dt37PDhd6lUKn0uBghfq20913eAlMO6e/dnGo2dOOeYnv5AURTZkSPv0el0KBYjzMJgKTgzI+9AlgWiqECr1WZm5lPt3r2Len2cM2fOcv/+n5TLZdI05clMLqB+byivrq6yZ88bduDAPl2//r19e/MP1Wol0jQD8ncDAY2OvrzBwHtPp/OYsbFRFhZu8vDhX7wzcY3ntx7UvV/OW6u9RMHHwMCCBhYCYKRpyvp6l8uXZ4njsiYnP2Jp6TvK5RHb+dLHCEeWrWPGMxYwy4m2221mZ8+xd++bunTpC27d+gm5v/n1t68Ye2GfXml8Rha6PM3Nb9q05bwker2UkZHN7N//FgsLPzA//yVDQ0WkIs1kkV4aiKKYleY9er0Eyefh3bbtxWVJ1RCCSfLNZmL9yCIJszwfvV4CBKKoJlAmSRKJr1S29JxzbwMOsOHhmDiOeWIt37f3ZbyP+weGc84py7JPfLv9353h4c2rkm+AxWamEMJGsAadi4X+3bh/QkgvPHjw+9z/VPVzmAYmBbMAAAAASUVORK5CYII=",10
https://nextcloud.com/blog/nextcloud-faster-than-ever-introducing-files-high-performance-back-end/,Nextcloud faster than ever! Introducing Files High Performance Back-end - Nextcloud,"At a virtual presentation streamed worldwide, the Nextcloud team introduced the availability of Nextcloud Hub 21. Nextcloud Hub 21 brings a wide range of improvements in file handling performance with Files High Performance Back-end and important new collaboration features in Text, Talk, Groupware and Files. In this blog, we go into a bit more detail […]",1672881722,"data:image/png;base64,iVBORw0KGgoAAAANSUhEUgAAABAAAAAQCAYAAAAf8/9hAAACi0lEQVQ4jYWTz29UZRSGn/e7d2b6y5IiwepKiAsh/gPQxE3ZstGERBfuGte6bqrRVIPhL7CByI5ES+LCDRFMEFqLFVnUEkmkoHUUpTUzTIe5M/f7Xhe3gAujJzmLk3NOznuS9xHvfnOYED5GHMVmN8S/RzUggVmiH2cC0gKNkSlS8v8sP+mlZBojU9S0EICj9HYSknYHjI2ATFUK2FVnQEiit5NAUznCQFAlzU5JIYgUTRykaqeWETKRkqUQjC2rOpZX/xiXNsHKMhGLyNhYjekXJ5DExY0WDzoDskZGjEkkTC4hkVNGIXFw35DuPxzQ3i54+dAE5155gb3DOQZavZLXz//EpR+2GH96iH3DNd3e7oGTeGp+xedvbjna3mwXPvHpLTcfFP78x21PfrTqZ06uenF9y/c6hV/77JY324Wj7cX1LY/Nr5i3L9xxUUZPn17z2Rt/2rbvdQqPffitmV0ys0se/uCaf20Xtu1PbvzhY2fW3C+j37pwx2G8ntOP5vvfu9xtFQD0StMrE+SCXBSPauBuq+D6b1360YzXM5g8terrzY5tu9uPnr34s9vFwCevNs3csplb9vzlTXf6pd/56hd3+9G2/V2z48lTqxZzyx4dzpk+MM7tvwrWNlq8ceRZFo4f4H63BGD/SI03v9jgzFKTl57fw8GJBl9utOk+LJHev5YckxjYBBTqgdSLHHpulFcP70XA4s1t1ps7hEZG6idImJqkLFi8t5IAZYKEbFsSeJCgiJWB6xmqB2yQ5IAVK+M7B4RJEQQWYCdLeSCrBwBieuRkbFsRjDEiBOyrDI0GjP/hdQyUqcrHjD5mBTM0GkhcCQyKGXo7V3ZheoLsf+Msiu7XkM38DYwAh1M0PxWrAAAAAElFTkSuQmCC",3
https://github.com/karpathy/minGPT,GitHub - karpathy/minGPT: A minimal PyTorch re-implementation of the OpenAI GPT (Generative Pretrained Transformer) training,A minimal PyTorch re-implementation of the OpenAI GPT (Generative Pretrained Transformer) training - GitHub - karpathy/minGPT: A minimal PyTorch re-implementation of the OpenAI GPT (Generative Pret...,1672895323,"data:image/png;base64,iVBORw0KGgoAAAANSUhEUgAAABAAAAAQCAYAAAAf8/9hAAABcUlEQVQ4jY3TvWpVURAF4LXvvUmuIkEsLLQKgiAW/qAkNvoUFraCDxMlqEUCghZaiyKCjU3wBewEBTUpFEvBGJEkfjZz8HAw4sCG2XvNmv+dJEFLCS7hAT5gGz9Kv4/F7CeYwUoROvlVp5NtLGPUJ44wh+f+Xx5XwFHn5E4BL3EN69jCBj6W/qqwF2W73JGX8BO7WK23CY5jWucYZgu7XbbfcW6S5EaS2apoF+Mke621T70WfUYrbDfJOMnBJNeDd9WobZzs9aU/mdbdsYBvxXmdqg82MbPvmP44G+NtOfg6StKSSHIoyYF+5L+QW5JpkvniTUZJNgs/kmSxtaaaOCxh0lqTZCnJ0Qq6EdyrdLaqjFP/yOA03mCvyl4LztflLp6U/hRnBsSHvX7t1OjPdgZrBVzArVqohZ6DE4N1hpXhKq/jPa7i4iD1Kb70nDwrzmho9KhndLiHzVefdrDabeVwPJ1+GTcx7b3N1S+8MuT8Bs9NR9kw0z0NAAAAAElFTkSuQmCC",4
https://unisa.edu.au/,Home,"UniSA is South Australia's no 1. university for graduate careers. Study, explore our research or partner with us.",1672153058,"data:image/png;base64,iVBORw0KGgoAAAANSUhEUgAAABAAAAAQCAYAAAAf8/9hAAACNElEQVQ4jaWTT0iTYRzHP3vfve/+aLnUMjOSGk6tDs0KlhcvBlLQpYgwicBD0BI8tIqSTBAighCCOnSKBVFQ5EHaRoRWhzDwYsOYIVkNxc02cXvfbe/+dJhs5tRL39MDz/fzfb7Pj+eB/5QOAOuTnJCJbWrMAqRzCHodzbbtTAVCWCpM6AGETAyDFt8QVhNpAMqqy/A9O0eTtYrzPcOMjv/MB6wLaVlQUmCW6XG2cqbDhvfTDxwtdfQOvMMz7KfSurs0QNWyANRbqzh1vIHZ4BJD/e14xmb4OP4LgMWoWvDr18JNtmpCUZWRp2epr9vKzXtjKAkNz+gME5PzeUgvFBgBQJZSqFqWPlcbX7zdDFxto7a6DPfrrzx88AGzUcIoixglgbUSABKqBMDpE40EZv7guuVBTaaRJRFThXHD4ZZcQVE0FDWFmkj/U3Mzre8SBSRRKMwFQJJFEitrUdCt00BJMReK47DvAiXFi5EpLnXasR+oAcDjC7B3jwWAubnl4lkAQmXHnVxGY2E5ifPCYbIGPdddI/hnI4QjCa7ceMv36TC+l13EVY1rd9+T1rLsa9hJsUt5Xw6Dnh5nK0P97XyeCOJ+NUloUeFQ8w4uXzxCNJbkZOdzvgXC+UcWG9QVArY13s9FgksAHDxWT2/3URwtdVi2GJj9vcQbb4BH7gniKx5igzpgVYPVTVIZkEUwy5gkIf8XlpP5fYsJFm4XuNKAFe1ve5ybjxa3a2vK8fu6Svx/AXsW0qJDydtkAAAAAElFTkSuQmCC",5
https://study.unisa.edu.au/degrees/bachelor-of-information-technology,Study Bachelor of Information Technology at the University of South Australia (UniSA). Information for International students.,"The Bachelor of Information Technology is your stepping stone to a career in computing, software development and the information services industries.",1672156105,"data:image/png;base64,iVBORw0KGgoAAAANSUhEUgAAABAAAAAQCAYAAAAf8/9hAAADJUlEQVQ4jXWRX2iVdRjHP8/vfc+7s7PtbG5nuNF2jJbVRQWJuGgStlEsVoEXGjgro6CgzItClAhWwSCHkGQFFlgwM3NEMmpk2Wq4rBvxX1QGY1vln+l2ZjvunPO+7+/3dDF1N/VcPTef7/N8v19J3fFOb1gsYozj/8YYcBjAEf5VgGIIN5VTX1+P7/n+dnUGp95/wmKEKHLYyOF5Hg88eifZpjQDX/6GAr66q7HaAogsQgjGgIoQzceUBT4VScP992YZ3LfWP3J0PD4y/Av50hw+Kr5cg40RjBHi2BFeCaEQkbm1ji/2rqc8leCHH8eZL1meevGQ//fYDI3LM/gioKoYY4hKMeRDqAzY8tJqWu9p5MSvF2lb1UzXhv2kUj5bnm2lsqoMAg/nFKO64NNGlubmajZuXEFX+3LefuNBbGQZH8sRxZaxyRyl2N34EKeICL4RsLFSlU5y+NNukmUJdu35mTCyfLz/JJMX5kj4HmWBhzGC6gJ4PTMjAjhHIvBY1lxD3+5R9vYfJ0h41C5JkqoIUFWc0xshqy7uBlAEUNEwtCR8Q0VlgHNKsRhTKsYLXs1iS8Z4CwqK+oCA0dhZ8Tyj4hmJQ4sxQiaTYq4Q4XkGB0ShRUQQQVAFETGNmYoII8xdnteJyZx0trcwdXaajw6cYFdfF5/3b+DrkTFOj07Q2d7CP/mSnp/KK8ZoMmEKXtPt68tncmGbzV+1l66UvO2bV2MDw8vbhhg6/AefHDjFjp0jbHp6Jb2vdrCtd1hGvvk9DmpqvVQgH8p7+04teWvn8PjEuXyasBQ988TKRN+bD2kuV2D0pwkJQ8t9q7Kazdbw+o7vpe/dYxaMNC6tip/svusxUUW6nx94eOTY+cFz0wXjcrPR0pY6eXzt3V7rikbxPaPHT1+Ug4fOuLEzFywVqUS6KukaGoJHzo5uHhLoMdDjnts62PHVt3++UoxM56WpWZiZBV2IGOeUdKVU16VZlk1P3dZStWngg3VDa9b0+Ne6WefBQavak9r8WtvW/s9OVrbcXPvC9GwhGTtnmxoyxrnS0Vuy1d/teb9jd1rSl68f/hdt12T+uwiv2AAAAABJRU5ErkJggg==",5
https://study.unisa.edu.au/degrees/bachelor-of-information-technology-networking-and-cybersecurity,Study Bachelor of Information Technology (Networking and Cybersecurity) at the University of South Australia (UniSA). Information for International students.,"In this degree you will focus on the security of information systems, learning the techniques and theory that support network infrastructures.",1672838911,"data:image/png;base64,iVBORw0KGgoAAAANSUhEUgAAABAAAAAQCAYAAAAf8/9hAAADJUlEQVQ4jXWRX2iVdRjHP8/vfc+7s7PtbG5nuNF2jJbVRQWJuGgStlEsVoEXGjgro6CgzItClAhWwSCHkGQFFlgwM3NEMmpk2Wq4rBvxX1QGY1vln+l2ZjvunPO+7+/3dDF1N/VcPTef7/N8v19J3fFOb1gsYozj/8YYcBjAEf5VgGIIN5VTX1+P7/n+dnUGp95/wmKEKHLYyOF5Hg88eifZpjQDX/6GAr66q7HaAogsQgjGgIoQzceUBT4VScP992YZ3LfWP3J0PD4y/Av50hw+Kr5cg40RjBHi2BFeCaEQkbm1ji/2rqc8leCHH8eZL1meevGQ//fYDI3LM/gioKoYY4hKMeRDqAzY8tJqWu9p5MSvF2lb1UzXhv2kUj5bnm2lsqoMAg/nFKO64NNGlubmajZuXEFX+3LefuNBbGQZH8sRxZaxyRyl2N34EKeICL4RsLFSlU5y+NNukmUJdu35mTCyfLz/JJMX5kj4HmWBhzGC6gJ4PTMjAjhHIvBY1lxD3+5R9vYfJ0h41C5JkqoIUFWc0xshqy7uBlAEUNEwtCR8Q0VlgHNKsRhTKsYLXs1iS8Z4CwqK+oCA0dhZ8Tyj4hmJQ4sxQiaTYq4Q4XkGB0ShRUQQQVAFETGNmYoII8xdnteJyZx0trcwdXaajw6cYFdfF5/3b+DrkTFOj07Q2d7CP/mSnp/KK8ZoMmEKXtPt68tncmGbzV+1l66UvO2bV2MDw8vbhhg6/AefHDjFjp0jbHp6Jb2vdrCtd1hGvvk9DmpqvVQgH8p7+04teWvn8PjEuXyasBQ988TKRN+bD2kuV2D0pwkJQ8t9q7Kazdbw+o7vpe/dYxaMNC6tip/svusxUUW6nx94eOTY+cFz0wXjcrPR0pY6eXzt3V7rikbxPaPHT1+Ug4fOuLEzFywVqUS6KukaGoJHzo5uHhLoMdDjnts62PHVt3++UoxM56WpWZiZBV2IGOeUdKVU16VZlk1P3dZStWngg3VDa9b0+Ne6WefBQavak9r8WtvW/s9OVrbcXPvC9GwhGTtnmxoyxrnS0Vuy1d/teb9jd1rSl68f/hdt12T+uwiv2AAAAABJRU5ErkJggg==",5
https://study.unisa.edu.au/degrees/bachelor-of-information-technology-software-development,Study Bachelor of Information Technology (Software Development) at the University of South Australia (UniSA). Information for International students.,"Become an expert in the design, implementation and testing of small and large software systems.",1672838919,"data:image/png;base64,iVBORw0KGgoAAAANSUhEUgAAABAAAAAQCAYAAAAf8/9hAAADJUlEQVQ4jXWRX2iVdRjHP8/vfc+7s7PtbG5nuNF2jJbVRQWJuGgStlEsVoEXGjgro6CgzItClAhWwSCHkGQFFlgwM3NEMmpk2Wq4rBvxX1QGY1vln+l2ZjvunPO+7+/3dDF1N/VcPTef7/N8v19J3fFOb1gsYozj/8YYcBjAEf5VgGIIN5VTX1+P7/n+dnUGp95/wmKEKHLYyOF5Hg88eifZpjQDX/6GAr66q7HaAogsQgjGgIoQzceUBT4VScP992YZ3LfWP3J0PD4y/Av50hw+Kr5cg40RjBHi2BFeCaEQkbm1ji/2rqc8leCHH8eZL1meevGQ//fYDI3LM/gioKoYY4hKMeRDqAzY8tJqWu9p5MSvF2lb1UzXhv2kUj5bnm2lsqoMAg/nFKO64NNGlubmajZuXEFX+3LefuNBbGQZH8sRxZaxyRyl2N34EKeICL4RsLFSlU5y+NNukmUJdu35mTCyfLz/JJMX5kj4HmWBhzGC6gJ4PTMjAjhHIvBY1lxD3+5R9vYfJ0h41C5JkqoIUFWc0xshqy7uBlAEUNEwtCR8Q0VlgHNKsRhTKsYLXs1iS8Z4CwqK+oCA0dhZ8Tyj4hmJQ4sxQiaTYq4Q4XkGB0ShRUQQQVAFETGNmYoII8xdnteJyZx0trcwdXaajw6cYFdfF5/3b+DrkTFOj07Q2d7CP/mSnp/KK8ZoMmEKXtPt68tncmGbzV+1l66UvO2bV2MDw8vbhhg6/AefHDjFjp0jbHp6Jb2vdrCtd1hGvvk9DmpqvVQgH8p7+04teWvn8PjEuXyasBQ988TKRN+bD2kuV2D0pwkJQ8t9q7Kazdbw+o7vpe/dYxaMNC6tip/svusxUUW6nx94eOTY+cFz0wXjcrPR0pY6eXzt3V7rikbxPaPHT1+Ug4fOuLEzFywVqUS6KukaGoJHzo5uHhLoMdDjnts62PHVt3++UoxM56WpWZiZBV2IGOeUdKVU16VZlk1P3dZStWngg3VDa9b0+Ne6WefBQavak9r8WtvW/s9OVrbcXPvC9GwhGTtnmxoyxrnS0Vuy1d/teb9jd1rSl68f/hdt12T+uwiv2AAAAABJRU5ErkJggg==",5
https://study.unisa.edu.au/degrees/bachelor-of-software-engineering-honours,Study Bachelor of Software Engineering (Honours) at the University of South Australia (UniSA). Information for International students.,"Go beyond programming to develop large, complex software systems, learning the technical and design elements of software engineering.",1672838924,"data:image/png;base64,iVBORw0KGgoAAAANSUhEUgAAABAAAAAQCAYAAAAf8/9hAAADJUlEQVQ4jXWRX2iVdRjHP8/vfc+7s7PtbG5nuNF2jJbVRQWJuGgStlEsVoEXGjgro6CgzItClAhWwSCHkGQFFlgwM3NEMmpk2Wq4rBvxX1QGY1vln+l2ZjvunPO+7+/3dDF1N/VcPTef7/N8v19J3fFOb1gsYozj/8YYcBjAEf5VgGIIN5VTX1+P7/n+dnUGp95/wmKEKHLYyOF5Hg88eifZpjQDX/6GAr66q7HaAogsQgjGgIoQzceUBT4VScP992YZ3LfWP3J0PD4y/Av50hw+Kr5cg40RjBHi2BFeCaEQkbm1ji/2rqc8leCHH8eZL1meevGQ//fYDI3LM/gioKoYY4hKMeRDqAzY8tJqWu9p5MSvF2lb1UzXhv2kUj5bnm2lsqoMAg/nFKO64NNGlubmajZuXEFX+3LefuNBbGQZH8sRxZaxyRyl2N34EKeICL4RsLFSlU5y+NNukmUJdu35mTCyfLz/JJMX5kj4HmWBhzGC6gJ4PTMjAjhHIvBY1lxD3+5R9vYfJ0h41C5JkqoIUFWc0xshqy7uBlAEUNEwtCR8Q0VlgHNKsRhTKsYLXs1iS8Z4CwqK+oCA0dhZ8Tyj4hmJQ4sxQiaTYq4Q4XkGB0ShRUQQQVAFETGNmYoII8xdnteJyZx0trcwdXaajw6cYFdfF5/3b+DrkTFOj07Q2d7CP/mSnp/KK8ZoMmEKXtPt68tncmGbzV+1l66UvO2bV2MDw8vbhhg6/AefHDjFjp0jbHp6Jb2vdrCtd1hGvvk9DmpqvVQgH8p7+04teWvn8PjEuXyasBQ988TKRN+bD2kuV2D0pwkJQ8t9q7Kazdbw+o7vpe/dYxaMNC6tip/svusxUUW6nx94eOTY+cFz0wXjcrPR0pY6eXzt3V7rikbxPaPHT1+Ug4fOuLEzFywVqUS6KukaGoJHzo5uHhLoMdDjnts62PHVt3++UoxM56WpWZiZBV2IGOeUdKVU16VZlk1P3dZStWngg3VDa9b0+Ne6WefBQavak9r8WtvW/s9OVrbcXPvC9GwhGTtnmxoyxrnS0Vuy1d/teb9jd1rSl68f/hdt12T+uwiv2AAAAABJRU5ErkJggg==",5
https://app.osmosis.zone/,Trade on Osmosis Zone,"Swap, earn, and build on the leading decentralized Cosmos exchange - The largest interchain DEX",1639140918,"data:image/png;base64,iVBORw0KGgoAAAANSUhEUgAAABAAAAAQCAYAAAAf8/9hAAACyklEQVQ4jX2TS0hUYRTH/9+939w7M3d0ZJwZX5OPaUzNsQdkgWkPKILKIGLM6AEJtW5VFBXfIopqE1EJLYo2LZyKwAQpI2shSURIopivzDQznWZsnLF779yvRVo6Wmd5zv+cwzn8/sC/gzAwAWBCcoEtkVvYyPgCQaAhIJ7fdv/K1Zpnt4/nPyheIE5uBsABwIfTrs25pStEicdf9PXE91b5OvzlRSYtpo4Pfp7af+FJdSsAQpMG8AKcyTi6p5IVbcjcnp6tSGaZRnYOlU30d3+JWz1mQiYUt300chNgZQAz6PzNu1Gfs+lgbnNhxTK/w235ZFWksazcVL6x1lscGSxsb7rbXf6hbbwvMj5dDzAOALO3cgBA6Vb5evYqp1/n/Gs8qnI1qlLtZ8KixRJKqtMyU7WroFc06w+vdR24wxgjc5sJAH5EubdqZa361ukrIO70jJhiM0UcLmvYosgRKgo/7BlWm80lx9se9ZuPHT5bPcCDUyDgNIAGIYiahLskXj40ScX+8JRelGeRU2STbWYkJMd71WxzCEIaqJaVb5uWtlhM61fv8A6Q4DsAhAbRRQBAF0Vz4yvKv4eGkYtJ6oRsTwclLkhwQgKBGa4ew5WiGYbJlyahA2BghAIwAMDKtY9OxSNoITe3kjAkTqAIkpEKC3KQgiJB5utECYMFmGru7xyaBcqgADMAYE2082WP0zEYHq3IVxLQ3TRKM3QQDwzisQuGU1N17k2VX/ORlm+tbIyDEwIyRxwnNV23ol4ldGqtv5sYJm5ypNs1WZJ0KptUI5JI0BRFbvGHJ4I978/9/j5ZRCIBwE9U1tfFjLxLwkS+OzNsRo5kIM0+jTFvuPNpbLiu8fmhN/OJTUKZCQAzTvoue7Tl7n1EtZZQkWsxWW+/0XTxMdAVBTgBCE820N8R/3Xa4lqymf7kA4EGAQACAIJBIIiaxFLCX+6+C0843tKcAAAAAElFTkSuQmCC",10
https://github.com/likecoin/iscn-specs,GitHub - likecoin/iscn-specs: International Standard Content Number - decentralized content registry,International Standard Content Number - decentralized content registry - GitHub - likecoin/iscn-specs: International Standard Content Number - decentralized content registry,1646555141,"data:image/png;base64,iVBORw0KGgoAAAANSUhEUgAAABAAAAAQCAYAAAAf8/9hAAABcUlEQVQ4jY3TvWpVURAF4LXvvUmuIkEsLLQKgiAW/qAkNvoUFraCDxMlqEUCghZaiyKCjU3wBewEBTUpFEvBGJEkfjZz8HAw4sCG2XvNmv+dJEFLCS7hAT5gGz9Kv4/F7CeYwUoROvlVp5NtLGPUJ44wh+f+Xx5XwFHn5E4BL3EN69jCBj6W/qqwF2W73JGX8BO7WK23CY5jWucYZgu7XbbfcW6S5EaS2apoF+Mke621T70WfUYrbDfJOMnBJNeDd9WobZzs9aU/mdbdsYBvxXmdqg82MbPvmP44G+NtOfg6StKSSHIoyYF+5L+QW5JpkvniTUZJNgs/kmSxtaaaOCxh0lqTZCnJ0Qq6EdyrdLaqjFP/yOA03mCvyl4LztflLp6U/hRnBsSHvX7t1OjPdgZrBVzArVqohZ6DE4N1hpXhKq/jPa7i4iD1Kb70nDwrzmho9KhndLiHzVefdrDabeVwPJ1+GTcx7b3N1S+8MuT8Bs9NR9kw0z0NAAAAAElFTkSuQmCC",8
https://i3wm.org/docs/refcard.html,i3 - Reference Card,"i3 is a dynamic tiling window manager with clean, readable and documented code, featuring extended Xinerama support, usage of libxcb instead of xlib and several improvements over wmii",1641452020,"data:image/png;base64,iVBORw0KGgoAAAANSUhEUgAAABAAAAAQCAYAAAAf8/9hAAACwUlEQVQ4jaWSu25cVRiFv/3vy9nnOjN28CW2IgRSMI5ECiSIFNpYBEEHSISKhjegzIvwAIQOOmiQsESEEEQyMRKIUNjEIcKOzTD2zLntOYfCkBdg9etbX7HU9Vu3m2wwtCKCaI1SAkrR1iUiGkVPXdXMQ0NbN4SqpKlKmnJGU84wPiv6pBgi2qK1RmlBlKKqSp5dLri+uc6dr3apm8C8qWnq6mm5mc0wxkXYyGOsRRt7biGC0hpszFlQ5EWGqVraNsJEEdY5jHVoG2GMc08B5xCDiGC0UBJxb/+U929cJdLw8Ze7tI2nsQ4xFuMiRGvpjdFoa7DOMko1b7+6ziCLiJIUHcXcfzjh0soCH958iUGREmU5aVGQFAMEpVD/LooIYiIen3UsDWMu5A6XpvxRGj6794hLyyM+uLHJymKBS3LiPEesi/5TwScpnUu5/7ji2sYat66tsZwKaZ5z3HrufPeI1cWMd197nqXFAp9mSAesj2I+eusKkQFtDGmacfe3vwg9vPPyKsspJGlM6wo+/f5PnlsZsrqQ0SqHTE6rfv94yid39/BGcTETQtcxJeLznyaMq8DrG0NGXtFpy0xixtOaLPX4NEWaasb471N29k4Ymob3Xlll84KirkqCy/n6Yc+k6XnjcspSariYa/LEMessPk0QRCslljhy7B4pvtg5YGvzGa4sWawoepfwwxPLYQm2K7m5MeD3cWDSWeI4RkLTMA8NIQT6fs63+xXbvxzx5tU11n2J0KGs5+exYuuFEW2v2DnqMD7Be48Jba3ausY4R1OfP+ybvRlaTti6vMCvTyq8bVkvNIcl/Hgs1CbHRzV9DyZUNU1Voe15+fyNju0HYw5nHS+uJJx1sH2gmKqEBo3VgSCCMRpTl1NVzaaINmitMaIRrZlreHCScFAGvDd4LzgbUGpOCHP6vkOh+N/5B3FLBcsQ5D6gAAAAAElFTkSuQmCC",6
https://github.com/nimishgo/i3wm-themes,GitHub - nimishgo/i3wm-themes: My collection of Themes for i3-wm,My collection of Themes for i3-wm. Contribute to nimishgo/i3wm-themes development by creating an account on GitHub.,1641455875,"data:image/png;base64,iVBORw0KGgoAAAANSUhEUgAAABAAAAAQCAYAAAAf8/9hAAABcUlEQVQ4jY3TvWpVURAF4LXvvUmuIkEsLLQKgiAW/qAkNvoUFraCDxMlqEUCghZaiyKCjU3wBewEBTUpFEvBGJEkfjZz8HAw4sCG2XvNmv+dJEFLCS7hAT5gGz9Kv4/F7CeYwUoROvlVp5NtLGPUJ44wh+f+Xx5XwFHn5E4BL3EN69jCBj6W/qqwF2W73JGX8BO7WK23CY5jWucYZgu7XbbfcW6S5EaS2apoF+Mke621T70WfUYrbDfJOMnBJNeDd9WobZzs9aU/mdbdsYBvxXmdqg82MbPvmP44G+NtOfg6StKSSHIoyYF+5L+QW5JpkvniTUZJNgs/kmSxtaaaOCxh0lqTZCnJ0Qq6EdyrdLaqjFP/yOA03mCvyl4LztflLp6U/hRnBsSHvX7t1OjPdgZrBVzArVqohZ6DE4N1hpXhKq/jPa7i4iD1Kb70nDwrzmho9KhndLiHzVefdrDabeVwPJ1+GTcx7b3N1S+8MuT8Bs9NR9kw0z0NAAAAAElFTkSuQmCC",6
https://www.linuxandubuntu.com/home/set-background-wallpapers-on-i3wm,Set Background Wallpapers On I3wm | LinuxAndUbuntu,i3wm is a tiling window manager that is powerful and resource efficient. It is used by many geeks who prefer more resources for their computers. I personally,1641483663,"data:image/png;base64,iVBORw0KGgoAAAANSUhEUgAAABAAAAAQCAYAAAAf8/9hAAACyklEQVQ4jYVTS08TYRQ93zxoZ6BQwLYgQbAlKpQoJBgeGh6JuCAmupG4QtYsgJUmumlcmLgxURY+f4DWDUYlMUiKEaFgE3mENxJKW8vTAqWdaWemnwsFJSjc5bn3nHtv7rnAYeFwMAelyT7E6WRhsRxDis6ABDWAITJUlYAqS6io8x8s4P5gAcPbwOpZqFhGdD2KUnsEi6sWqAkzVAWg3DjKy9f3Cw0M5MPjvgiP68gOWPX68w3TrUfNuzWjo1a43efR35Ozd4J+pwA+x4btmbnG49cqVxbm76YylNjL7eW+yXn0vXzT658YF9TA8nV8eR7A4GQ2KmpmAYD71apRgtM5icbmBJ1ea01PEQstIttZyKmv8k9br8Qj9bUQROhrhKYpYr4NYG5nAnZ3iZYW9lI7+15HmAZeij7TVM2X0FCdZ0xuDaxtcQZzZlmCsOciZluW7Ol9t0PbPVHRqplRpQjk7W2qKrHqaGizRCJ8Q1hW2vWltjZRl+RVVI0R0oza3+vvCkxgXOP4pG1NVShh2TNqPG71T89+9QdDFR2ExGRJ+sQJIpUkKfKbQncECLq6dLDb2XgC+ZGIzITXN7asOaZYiigWfpv3dVJ6lbVZ806FvIskEgzkgILA5UqBw8EQeDw8aLwYCqZKYoKO+JadrCzX20zGaV4QMlaXl+4YjOkXFoM/Lo/0uh7HXjxow9BHC8CfQHZuP4OyMgWytgmOnh2uK91YD35/GpPkpYU5b/LM0LBJCkU71pbWqhZHxryxqdknoK4ECFsMhY4hN1f648ThITsUhUA0zpx869aF+wY1o9V6n6PEO/rw5j1TbYu42tGUDJnNA6euoLRyYa+VKWXQ05OODLEEev0ceEMUBQUhhINGBHwUEI5CjqVCR+ZRVBb89y8AQHd3GoxCFhJ8BqLRIFKFTDDYwoakoLbWD0LUfZz/xiGvDAA/AUx8NBpZoa/8AAAAAElFTkSuQmCC",6
https://themes.gohugo.io/themes/mediumish-gohugo-theme/,mediumish,Mediumish Theme This theme for gohugo is a customized port based on the Mediumish Jekyll-Theme by WowThemesNet. The original theme ships with a few more features than this ported version but i also added features which the original version did not include. See the Demo and Demo-Source Features Landingpage 404-Page Posts tags can be used shareable via socialmedia Custom pagination Prev/Next-Links Tag-Overview in Jumbotron Integrations: Disqus Comments Google Analytics Mailchimp Installation Inside the folder of your Hugo site run:,1646540048,"data:image/png;base64,iVBORw0KGgoAAAANSUhEUgAAABAAAAAQCAYAAAAf8/9hAAACpklEQVQ4jW2TT2hcZRTFf/e+72U602Em5J+d2aikLS5aUKkiooiQZVdu3IjiwpUKiotJiuBIoepCFHShuBM3bty5VhSRNDYq1KptpS6kTTqTNDNN30vmvXdvF5OZxurdfZdzDt899x64U+K0dfRYZXFhmdaFZVoXVllcGPX3MDImjZpC2wB+oX10wO6i4M/NTM3GAN3NTubIFxOU3n2Q9sX9nLHST7Tqir5q+GuzWp+uzTd8sjELwNbVDv0ra9IptjYU+dCwj07wXm/8g7MsPRMjbx+MKsfqhxvMPHEk141B8PUEBKRZxWpR3v3uUuhdWeNWkZzP8Lce5Z2vol+r7Tkf5F83p5v3Nw/fl9UeuzfisyfVr6fo6qaLgT0/L/LmQ1r9oUctPphFGY3ttP/0y9WFz7U4UA6GZNVDUxZXyrFlBYijDuwWwm4uioAIlufElXJcPTRlhmTFgXIIluQOYGaKuYsI4ohXAzTLQ4MqATEH1DEfYgFLcg9aCeKJy95OBAU3R148Ci8cGQpEgqc5RMhogYKLVoIE7i4HVOBsB37eGNr8+D3wQB3c/wMPluTuiO+RHRsa79+vwad/DgUmIuT4FG7i+OjoxMcjWIJrpIaKOo6IuJSDMFkaCpQiAHdMRAVVNcC1EkSjnTRXKG2v3dA83ck0DjiImUPhTuFu5jiIhpg83cm212+oQinaSfPok8G3t17iqX+S5ObxpNufK9IBld/TXH/rq6WZeBDR9V345mre/fGSrv/xd7S5vXnR0MWHB6eX953yGzPOxOuCvzIbTdbq802vN6YFoHet672/rkmn2Oo78rEw+OAE73f/N0wrnDpm2KkIeXZmek4BuhvXrcC/VPTMI5w5fzdnnMz9cT7H0skVWpdXaF0+x9LJO1v+d5xvAyFBQHtsjVpwAAAAAElFTkSuQmCC",9
https://themes.gohugo.io/themes/hugo-theme-stack/,Stack,"Hugo Theme Stack Card-style Hugo theme designed for bloggers. Quickstart Use this template: CaiJimmy/hugo-theme-stack-starter Demo Starter template demo: demo.stack.jimmycai.com Dev build: dev.stack.jimmycai.com Documentation Visit stack.jimmycai.com Copyright Licensed under the GNU General Public License v3.0 Please do not remove the “Theme Stack designed by Jimmy” text and link. If you want to port this theme to another blogging platform, please let me know🙏.",1646540070,"data:image/png;base64,iVBORw0KGgoAAAANSUhEUgAAABAAAAAQCAYAAAAf8/9hAAACpklEQVQ4jW2TT2hcZRTFf/e+72U602Em5J+d2aikLS5aUKkiooiQZVdu3IjiwpUKiotJiuBIoepCFHShuBM3bty5VhSRNDYq1KptpS6kTTqTNDNN30vmvXdvF5OZxurdfZdzDt899x64U+K0dfRYZXFhmdaFZVoXVllcGPX3MDImjZpC2wB+oX10wO6i4M/NTM3GAN3NTubIFxOU3n2Q9sX9nLHST7Tqir5q+GuzWp+uzTd8sjELwNbVDv0ra9IptjYU+dCwj07wXm/8g7MsPRMjbx+MKsfqhxvMPHEk141B8PUEBKRZxWpR3v3uUuhdWeNWkZzP8Lce5Z2vol+r7Tkf5F83p5v3Nw/fl9UeuzfisyfVr6fo6qaLgT0/L/LmQ1r9oUctPphFGY3ttP/0y9WFz7U4UA6GZNVDUxZXyrFlBYijDuwWwm4uioAIlufElXJcPTRlhmTFgXIIluQOYGaKuYsI4ohXAzTLQ4MqATEH1DEfYgFLcg9aCeKJy95OBAU3R148Ci8cGQpEgqc5RMhogYKLVoIE7i4HVOBsB37eGNr8+D3wQB3c/wMPluTuiO+RHRsa79+vwad/DgUmIuT4FG7i+OjoxMcjWIJrpIaKOo6IuJSDMFkaCpQiAHdMRAVVNcC1EkSjnTRXKG2v3dA83ck0DjiImUPhTuFu5jiIhpg83cm212+oQinaSfPok8G3t17iqX+S5ObxpNufK9IBld/TXH/rq6WZeBDR9V345mre/fGSrv/xd7S5vXnR0MWHB6eX953yGzPOxOuCvzIbTdbq802vN6YFoHet672/rkmn2Oo78rEw+OAE73f/N0wrnDpm2KkIeXZmek4BuhvXrcC/VPTMI5w5fzdnnMz9cT7H0skVWpdXaF0+x9LJO1v+d5xvAyFBQHtsjVpwAAAAAElFTkSuQmCC",9
https://meet.jit.si/linux-odyssey,Jitsi Meet,Join a WebRTC video conference powered by the Jitsi Videobridge,1690199957,"data:image/png;base64,iVBORw0KGgoAAAANSUhEUgAAABAAAAAQCAYAAAAf8/9hAAABMklEQVQ4jb3TPYrVQRAE8F/tF4qiwS5+gKiYqYFgoumCopgoeADBE5iJVzDwEgaymQcQDMQTCGJosqjZgoGu4CuT+cOy+9SHgZM0TE11d1X38D9O29W26/OwpQVzLONx20P7gZUFqm/gAS5htnCCtks4hjs4ixdJfrRNkv5VQpIZzuA73uJ+27t7yZA/dHBjJFjDDk4N6FWS93MlTO21vYbiNU5iO8l224fYmCQmme33IIN4eMTbw4d3bU/jCqbqPeBBklnbE/iEi/iJL1jHJi7gw3jbeRKO4wl2cRRbSd60PYeneJZkZ/8ktM2I19veavu87b22aXu57aOBHTB9Ik7mXcVNfBxLcx5f8TLJ53nTWtmrB9+wlmRrLNJqkt29rv9u7JOU5bZHBnm6W/S//Nv5BbYFmsfBlUfSAAAAAElFTkSuQmCC",7
https://archive.org/details/essentialsofecon0005mank/page/n9/mode/2up,"Essentials of economics : Mankiw, N. Gregory : Free Download, Borrow, and Streaming : Internet Archive","xxiv, 584 p. : 26 cm",1694504580,"data:image/png;base64,iVBORw0KGgoAAAANSUhEUgAAABAAAAAQCAIAAACQkWg2AAAB4UlEQVQ4jZWRu8rqQBSF90y2iQnqr2I0Ioj2iqAW9lra+EZWlvoagoWFzyCKhYjgBQQvlReCoKQwyZj5iwke4XCKs5u92Mw3LNYCAAAASZLg30MpJYQAAPkszrmmafF4vFwul0qler1+PB4nk8lsNjudTvf7XZA+IMtys9ksFouFQsEwjFAo5DgOInqed7vdDofDdDodjUaPx8MHIpHIeDxGRM65ZVnv91tVVdu2GWPRaPT9fofD4VartVgsKKVICHm9XoPBIJPJbLfbfD5PCDkcDslkMpFIrFarbDYLAOfzWTiniOg4zvP5rFQqvV4vFovput7tdi+XS61W6/V6uq7run69XiVJ4pwj5xwADMPI5XKIaBiGoiiImE6nU6mUuFBKAcDzPADwAdd1HcdhjLmuSwgRwnVdxpht2yJ08dIP+Hv+RE7Idwl+J4L7fPC34JwLITAUS1EUTdMQUVVVWZYRUVEUVVURMRgMCks+IOj9fj+fzxlj6/UaERlju91uuVwyxjabzbcl326n0/n5+bEsS1VVAHi9XoFAQJZly7KCwSCltN1um6ZJKUUAqFQq1WoVAETZnHMRued5kiS5ritJUqPR6Pf7hBAEANu2h8Oh4zifQDjnHxtCm6b5ncd/zC/eI/St8wdtOQAAAABJRU5ErkJggg==",0
https://archive.org/details/isbn_9780324376562,"Essentials of economics : Mankiw, N. Gregory : Free Download, Borrow, and Streaming : Internet Archive",Includes bibliographical references and index,1694504655,"data:image/png;base64,iVBORw0KGgoAAAANSUhEUgAAABAAAAAQCAIAAACQkWg2AAAB4UlEQVQ4jZWRu8rqQBSF90y2iQnqr2I0Ioj2iqAW9lra+EZWlvoagoWFzyCKhYjgBQQvlReCoKQwyZj5iwke4XCKs5u92Mw3LNYCAAAASZLg30MpJYQAAPkszrmmafF4vFwul0qler1+PB4nk8lsNjudTvf7XZA+IMtys9ksFouFQsEwjFAo5DgOInqed7vdDofDdDodjUaPx8MHIpHIeDxGRM65ZVnv91tVVdu2GWPRaPT9fofD4VartVgsKKVICHm9XoPBIJPJbLfbfD5PCDkcDslkMpFIrFarbDYLAOfzWTiniOg4zvP5rFQqvV4vFovput7tdi+XS61W6/V6uq7run69XiVJ4pwj5xwADMPI5XKIaBiGoiiImE6nU6mUuFBKAcDzPADwAdd1HcdhjLmuSwgRwnVdxpht2yJ08dIP+Hv+RE7Idwl+J4L7fPC34JwLITAUS1EUTdMQUVVVWZYRUVEUVVURMRgMCks+IOj9fj+fzxlj6/UaERlju91uuVwyxjabzbcl326n0/n5+bEsS1VVAHi9XoFAQJZly7KCwSCltN1um6ZJKUUAqFQq1WoVAETZnHMRued5kiS5ritJUqPR6Pf7hBAEANu2h8Oh4zifQDjnHxtCm6b5ncd/zC/eI/St8wdtOQAAAABJRU5ErkJggg==",0
https://libgen.rs/book/index.php?md5=C789391FF3F69388E284FED9C81968DA,Library Genesis: N. Gregory Mankiw - Essentials of Economics (MindTap Course List),Library Genesis is a scientific community targeting collection of books on natural science disciplines and engineering.,1694505770,"data:image/png;base64,iVBORw0KGgoAAAANSUhEUgAAABAAAAAQCAIAAACQkWg2AAACT0lEQVQ4jVVSTUhUYRS9976fmTc/Oo6TNkHqUGYSIgTWplIriDYlbtu6aC20kGrXop24EdoELUKIFgW1rEUGtbEM+hHpRwoVnZpxpubNe9/7vntbzIzZXZ/DOfecg6XSGrRORGwL29IxYAkj4wdaBBARQACwgbFbUBARx8btsp598D6bjg/25kaOZcUwi0CDtZcAIIgQKpPLOItLm88evoWEe/HS0P1b59kwEbSkWgREZBYv7qTS3uz0qccnCl4ivlOpu45FDtYCbRE1kY0fjJGkZy2+2773aDVC9mxbWBzXTSZoamKgkE+qiIlaCiKCKFpzfl/65Yf175+3gCyIIiCCqkok8fbVk1sl30ECwIYlJEI/NEOF1Oz06JVrT7sPJvdnUp5rrW9Whg93amOIsBFX0xKLxBwiyy6W/aWVciblVetKKW2Y8x2Jof52m8CwNBUMc9y1Pn6r3ph7/fVXJdC6uqMDZZjFtlGH0eVz/XdvjoMYQCEAIMQo4r58srcn/WX150apHgqDy+CyAm1seL78o1ILLYtEhJqZisRdmp8ZHT/TL2Vf/fajqiZNnemEw9ZAdzblOYYZEZspEVGg2IuZqYnBSrF24Wxh5GhX34FstcZKhbl2cixUkSC2ehABAAEAIxBoUCF8Wiu+eLOx8GRlbmZscqynWApsm/6bhjGcaUtcv7M8v/AqQlvt1CFU4Liu4/iBRgQR2UtARGSjjx/p6GpLVIRjHZmupDc5fuj0cC4Id3toWdqdd8y1/wQmCBQixmN2JuX6dcXyb65/AWXZMbHFk0v6AAAAAElFTkSuQmCC",0
https://github.com/go-oauth2,Golang OAuth 2.0,OAuth 2.0 server library for the Go programming language. - Golang OAuth 2.0,1578743243,,2
https://www.sohamkamani.com/blog/golang/2018-06-24-oauth-with-golang/,Creating an OAuth2 Client in Golang (With Full Examples),This post explains how to implement OAuth 2.0 in a Golang application,1578743244,"data:image/png;base64,iVBORw0KGgoAAAANSUhEUgAAABAAAAAQCAYAAAAf8/9hAAACvklEQVQ4jX2TPUszaxCGr+fJ7rKgm/iSiCuEiGCs/B0qARXxo7FV0osgVkJSiKT0F1hZ6T9QBMHCxibaGFj8rIImMZrNsvvMKXIUDrycaYd7mLnvuZTv+0YppYwxYlmWUkqRJAl/q1QqhYgQx7ForZWIiCUiAGitabfbxHHMyMgISqn/iEWEZrOJZVl4noeIICJopRRKKcIwZH19nUqlglJq0NQarTXGGJRSVKtV1tbWCMOQH51WStHv9ykWi1QqFVqtFiKCMYZWq0Wn0/nd4OPjg2q1ytTUFP1+fzAAIIoipqenubu7o1arEUURnuexsrLC7OwsxhjiOKZWq3F/f0+xWCSKIgAsAKUUxhi01nieR6FQ4OjoiOfnZ8bHx9nb22N1dRWlFKlUih8NgKW1ptvt4vs+SZLw/v7O5uYmuVyOUqlEHMfs7OyQzWZ5e3sjiiJ836fb7ZJOp8HzPLO4uCiNRsOUSiUZHh6WmZkZubm5kSAI5OzsTObm5uTPnz+SyWRkfn5eHh4ezMLCgnieZ3Qqlfo1K5vNopSi0+mwvLzM9vY2zWaTk5MTlpaW6PV6+L7P5+cnrVZrcE4+nzeAlMtlc35+LoDs7u7K5eWlDA0NiW3bcnt7K/v7+wLIxcWFbG1tGUDy+bzRSZKQTqf5+voiSRJyuRynp6f0ej2urq64vr6m0WhwfHzM6OgocRzz/f2N53kkSYL1k0CSJNi2TbfbRUTY2NhgcnISgCAI+DHbtm2SJEFEBn9gjMF1Xer1OhMTExwcHOA4Do7jEAQBQRDgOA6WZXF4eEihUKBer+O67iB6ERHHceTl5UXK5bI8PT0JIIC4riuu6wogWmt5fHyUcrksr6+vYtu2iIgo3/fN4C+UhGGowjAkk8n8FaZ2u43ruriuKyKiAFFjY2PJD86pVEpprf8X53/9+sX5Hz2ohn+pTXkOAAAAAElFTkSuQmCC",2
https://github.com/oreilly-japan/deep-learning-from-scratch,"GitHub - oreilly-japan/deep-learning-from-scratch: 『ゼロから作る Deep Learning』(O'Reilly Japan, 2016)","『ゼロから作る Deep Learning』(O'Reilly Japan, 2016). Contribute to oreilly-japan/deep-learning-from-scratch development by creating an account on GitHub.",1578740692,,4
https://www.thepolyglotdeveloper.com/2017/03/parse-xml-data-in-a-golang-application/,Parse XML Data In A Golang Application,Learn how to parse XML data into custom structures and then into JSON as well as parsing JSON into XML using the Go programming language.,1578740693,,2
https://github.com/golang/go/wiki/SliceTricks,SliceTricks,The Go programming language. Contribute to golang/go development by creating an account on GitHub.,1578740693,,2
https://blog.golang.org/json-and-go,JSON and Go - The Go Programming Language,How to generate and consume JSON-formatted data in Go.,1578740693,"data:image/png;base64,iVBORw0KGgoAAAANSUhEUgAAABAAAAAQCAYAAAAf8/9hAAABf0lEQVQ4je2STyjDYRjHP+9vr8naSTajbFb+pWwXzVrKwRE72cHNSSkHRWk5S5RydlpuaitNlAsptBzkTylN/kwtQ1KUrPm9Dr+azeYgV8/t/T7f9/N8n7cX/ljiuxCcmFYAt8kLKvkA4B0TDc1NAMQXZkQJwB8cVPbmVrIuL2abE4C2gK8I3Hh9yLuus3eaJHtzxn3ynEQ8KqQ/OKjsQ5NkH1K0u53M9XYgpcbE5gHSY0ByJweM9ncBcPuqc0YF9s4B/KA0gPTOKmabk2GPC1llwVFXz3p4JD992OMCwFFTzXp4BLPNSWYrBoCWiEeFTF98RVa58q/18aW3BXyIzBWJeFRohZ7lVysIyd3jE32zS8R63MR63ERObsBk6AMre0VcWXgwWaxMpRQAtc+XRMZCxt7pfaZSPhQCabGio8oDlGY0TEoQyBzSPT4LwO5imCNAy2FcLchdBMivKxRroXk2to8Rby/kQvMIveTL/AzIg1q8xem0Uk8Z6Xf1D4BPy+l6GhWC1hEAAAAASUVORK5CYII=",2
https://github.com/quii/learn-go-with-tests,GitHub - quii/learn-go-with-tests: Learn Go with test-driven development,Learn Go with test-driven development. Contribute to quii/learn-go-with-tests development by creating an account on GitHub.,1578743243,,2
https://github.com/zhaohuabing/hugo-theme-cleanwhite,"GitHub - zhaohuabing/hugo-theme-cleanwhite: A clean, elegant blog theme for hugo","A clean, elegant blog theme for hugo. Contribute to zhaohuabing/hugo-theme-cleanwhite development by creating an account on GitHub.",1578743244,"data:image/png;base64,iVBORw0KGgoAAAANSUhEUgAAABAAAAAQCAYAAAAf8/9hAAACJElEQVQ4jY1TMWsUQRT+5r3d3Cbe7t3u3hEDdoJgIVieGo1YBixsBIsUtvkHNpaCnaJFUMEihSlEbGxFE8XCRrDWIAqJyd3t3JGcuduZeRa5DUtAk6968/i+733zhlE4hHq9foWZbwG4pkRmAECU2gDw1lr7Qmu9WuarUs2NOH7Onrdw2LQMa8xyO8tuA7BlA07TdM0juvA/cQHj3KdOp3MZgGUAaMTxssc8nxuzOsrzm90s2yDmU6TUtoh0BKhut9t3Rnl+1/O8Mz7z7GSlcnqwt/cKURS1pptNmW42JUmSpfGQKoCp0tBqkTZJkqWCH0VRiyaYFw/uZ+2zcbkDYFAy2AEgAOCcWymaE8yLBOZZALDOjQB0jrGCdevccH9zPEsYPxWU2uz1eutHqbXWP6DUbwCAyAwV0QDUANAxEhBE6uNaSICfAMBK1dI0vX6UOo7jeSaKsD/5F5FSa04EW+22dca8jMPw0r/ESRheZKKnxVlE3lFuzOPRMIeIWN3v93u7ux+IaBBFUasgBkFwlYi2/SD4yEQnSwaPSGv9xa/4T6abzYm6789Vq9WFMAw/K6W2CmKlUtmJoqhRTmNFHmRZ9vXgLyRx/J6IzlnnzotIX2utS/ywkaabTDQFANaY1+0su7G/0TG6WTYHpVaY6LvH/A3ATMngRCE2xtwrxADA5ViDweDNZBDsQamG7/vLw+HwDwDUajVfiZx1wMNOt3u/rPkLJe7aBdfH1TYAAAAASUVORK5CYII=",9
https://support.mozilla.org/en-US/kb/customize-firefox-controls-buttons-and-toolbars?utm_source=firefox-browser&utm_medium=default-bookmarks&utm_campaign=customize,"Customize Firefox controls, buttons and toolbars | Firefox Help","You can customize Firefox in many ways. This article explains how to customize Firefox controls, buttons and toolbars.",1578740691,,1
https://www.mozilla.org/en-US/about/,Learn About Mozilla,"Mozilla makes browsers, apps, code and tools that put people before profit. Our mission: Keep the internet open and accessible to all.",1578740691,,1
http://blog.mozilla.com/,The Mozilla Blog,Perspectives on the internet from Mozilla,1578740688,,1
https://www.mozilla.org/en-US/firefox/central/,Firefox - Protect your life online with privacy-first products,Firefox is more than a browser. Learn more about Firefox products that handle your data with respect and are built for privacy anywhere you go online.,1578740688,,1
http://www.mozilla.com/zh-TW/firefox/customize/,"Customize Firefox controls, buttons and toolbars | Firefox Help","You can customize Firefox in many ways. This article explains how to customize Firefox controls, buttons and toolbars.",1578740690,,1
https://www.mozilla.org/zh-TW/firefox/customize/,"Customize Firefox controls, buttons and toolbars | Firefox Help","You can customize Firefox in many ways. This article explains how to customize Firefox controls, buttons and toolbars.",1578740691,,1
https://www.mozilla.org/en-US/firefox/customize/,"Customize Firefox controls, buttons and toolbars | Firefox Help","You can customize Firefox in many ways. This article explains how to customize Firefox controls, buttons and toolbars.",1578740691,,1
https://www.sohamkamani.com/blog/2018/02/25/golang-password-authentication-and-storage/,How to Implement Password Authentication and Storage in Go (Golang),This post demonstrates how to sign up and sign in users using password authentication in Go,1556922740,"data:image/png;base64,iVBORw0KGgoAAAANSUhEUgAAABAAAAAQCAYAAAAf8/9hAAACvklEQVQ4jX2TPUszaxCGr+fJ7rKgm/iSiCuEiGCs/B0qARXxo7FV0osgVkJSiKT0F1hZ6T9QBMHCxibaGFj8rIImMZrNsvvMKXIUDrycaYd7mLnvuZTv+0YppYwxYlmWUkqRJAl/q1QqhYgQx7ForZWIiCUiAGitabfbxHHMyMgISqn/iEWEZrOJZVl4noeIICJopRRKKcIwZH19nUqlglJq0NQarTXGGJRSVKtV1tbWCMOQH51WStHv9ykWi1QqFVqtFiKCMYZWq0Wn0/nd4OPjg2q1ytTUFP1+fzAAIIoipqenubu7o1arEUURnuexsrLC7OwsxhjiOKZWq3F/f0+xWCSKIgAsAKUUxhi01nieR6FQ4OjoiOfnZ8bHx9nb22N1dRWlFKlUih8NgKW1ptvt4vs+SZLw/v7O5uYmuVyOUqlEHMfs7OyQzWZ5e3sjiiJ836fb7ZJOp8HzPLO4uCiNRsOUSiUZHh6WmZkZubm5kSAI5OzsTObm5uTPnz+SyWRkfn5eHh4ezMLCgnieZ3Qqlfo1K5vNopSi0+mwvLzM9vY2zWaTk5MTlpaW6PV6+L7P5+cnrVZrcE4+nzeAlMtlc35+LoDs7u7K5eWlDA0NiW3bcnt7K/v7+wLIxcWFbG1tGUDy+bzRSZKQTqf5+voiSRJyuRynp6f0ej2urq64vr6m0WhwfHzM6OgocRzz/f2N53kkSYL1k0CSJNi2TbfbRUTY2NhgcnISgCAI+DHbtm2SJEFEBn9gjMF1Xer1OhMTExwcHOA4Do7jEAQBQRDgOA6WZXF4eEihUKBer+O67iB6ERHHceTl5UXK5bI8PT0JIIC4riuu6wogWmt5fHyUcrksr6+vYtu2iIgo3/fN4C+UhGGowjAkk8n8FaZ2u43ruriuKyKiAFFjY2PJD86pVEpprf8X53/9+sX5Hz2ohn+pTXkOAAAAAElFTkSuQmCC",2
https://nextcloud.com/blog/nextcloud-introduces-virtual-drive-in-desktop-client-to-simplify-desktop-integration/,Nextcloud introduces Virtual Drive in Desktop Client to simplify desktop integration - Nextcloud,"Today we are proud to announce the first view on a project we’ve been working on for quite some time: a Virtual Drive in the Nextcloud Desktop client! A Virtual Drive makes files always visible on your system, irrespective of whether they are available locally or not, making the use of your cloud storage far […]",1637903754,"data:image/png;base64,iVBORw0KGgoAAAANSUhEUgAAABAAAAAQCAYAAAAf8/9hAAACQUlEQVQ4jXWTy4uOURzHP9/znHnfNzMNE8XCqHFNKTZTWJCyURZqkszKP0DZDuWWtQUrKynKZWGhLLCQ3LJBpAwLhoUkt8G8z/s852vxPPP2uv3qdDqX7zm/7/f3/QmAw3e30+g/TspXk1IGiCpmZ3fnEEpC4zn59wMc3nhVHHm4jRivIDXozBipF/hnGBv6WsLOKYodAflEDS56wEayZl+SXGchJOq7DeQTEXsFRdtImUAGCwTGRap4xKCahwWylFG0jVkREJKqj5xwEHKZ8EzJ4qEmw0NN3C5xmciEnCo9JIRQROC8JDQyDbQCXz+3mTfY4Nz4craMDAJw+/U3xi+/5OOXNoPzmpruJFJeQiMj0k6MDg9waddKL5wTNXHjDZtH5jIy1GTD6ackw7mdyzk7toybL79wfOsS3v/oeOeFF3o49R0xcceP9q7l/ttpzj/9yK09qwGx6tRjXrybBsHSRf282rcOgM1nnjG+ZgHrFw+w7uRjwn/KVRfkdxP8vQBx8F4aHe7XpV0rvbA/auL6GzaNzGXV/Ba7L052KUx9zf9FweLYg0ReKjQyBvp6RBz7r4j0iGhx9EGSkI1JEDKUigSFGV7QAsHUhxmIIouBssSEqow2jrU5Kz4BJWNlQUSY+tSu9psZAKWxQmU2G2MckCaJTWGXru1qsJEVA4oBS+49wy6JTSFNBqz92Dl9rVjnUnne7jYA7rbFbDNF7Bxrf+DQ6DU6P8dAT8iyosZ0sT3Fq0aWFaAndH6OcWj02i9bLiYbp9S00wAAAABJRU5ErkJggg==",3
https://github.com/unix121/i3wm-themer,GitHub - stav121/i3wm-themer: 🎨 Theme collection manager for i3-wm,🎨 Theme collection manager for i3-wm. Contribute to stav121/i3wm-themer development by creating an account on GitHub.,1638258440,"data:image/png;base64,iVBORw0KGgoAAAANSUhEUgAAABAAAAAQCAYAAAAf8/9hAAABcUlEQVQ4jY3TvWpVURAF4LXvvUmuIkEsLLQKgiAW/qAkNvoUFraCDxMlqEUCghZaiyKCjU3wBewEBTUpFEvBGJEkfjZz8HAw4sCG2XvNmv+dJEFLCS7hAT5gGz9Kv4/F7CeYwUoROvlVp5NtLGPUJ44wh+f+Xx5XwFHn5E4BL3EN69jCBj6W/qqwF2W73JGX8BO7WK23CY5jWucYZgu7XbbfcW6S5EaS2apoF+Mke621T70WfUYrbDfJOMnBJNeDd9WobZzs9aU/mdbdsYBvxXmdqg82MbPvmP44G+NtOfg6StKSSHIoyYF+5L+QW5JpkvniTUZJNgs/kmSxtaaaOCxh0lqTZCnJ0Qq6EdyrdLaqjFP/yOA03mCvyl4LztflLp6U/hRnBsSHvX7t1OjPdgZrBVzArVqohZ6DE4N1hpXhKq/jPa7i4iD1Kb70nDwrzmho9KhndLiHzVefdrDabeVwPJ1+GTcx7b3N1S+8MuT8Bs9NR9kw0z0NAAAAAElFTkSuQmCC",6
https://itsfoss.com/best-firefox-add-ons/,9 Open Source Add-Ons to Improve Your Firefox Experience,Here are the best open-source add-ons for the Firefox web browser that will help you improve your browsing experience.,1643087618,"data:image/png;base64,iVBORw0KGgoAAAANSUhEUgAAABAAAAAQCAYAAAAf8/9hAAADeElEQVQ4jV2TX2xTdRzFz/f3u/e2t92/duu/DcqGSJw4o0b2MEhMxYyxdE0MrhL3QogxMRF54AGNL40hYowSE2N4kRCfIN2DG926EcSxqHFmCDJTRLMNBtNttFvXdeu/e+/v5wMZQc7LOU8n5+F8CJuKxzk8HgIArWIdVMrGbCFyYNKWSPQIpx42MivHEY2u4wmxRykatRAKmba1tWZTUy+UNDasjI2fLNvtZ013wztVTmc3AOgDA1sfL6CHJkkbGT0EpjLJRbuh1LyHuTRjqgls5CEcHgsuPcOVwl3JnW1qsRgtX5sY2SwgPZlsKhPuizoXsFjAC9ODsnf7TRms3xDgjM9nnTSwsBu/BvaDXHbYssv7SpHID+iNc9qcwi9d+tmqqO3hW2dFb2hB+3tyCTcuZyQIeLnbTzt3e8XgpN/q9x3mWrU4peWL59cjkRRVJ8YaLJvxRgF6rHVqxNPZmsfAT0G2cD0teeoyiCRZbV1ofKke0dCMvHK3Xl5rCTNFFMAr1n5WQuF0IeA/g8Vl3z7fX5RK+9jqRAqqx06O1u2kP7sTmktD9pdb8uZiEJ2Nf0qsZE0LYkaapX8UbopvjeWVDqoUW57zz2LquhdG3TZ62ufGB692wDAlTqUY7pU5rLlZ7Gq+IzQTagX8dCUSSSml13uuKGPj51DtPCnKMNjEoKKnGuQXx76kHS07wInBteV3vHXkOCkiLyt7mzgV8hZ05wlnIjnN9GRyj5TmMdNUzSXLy/uOOmiLm+Br8CC3mkE2l0HA60fQK9H3fhWljXqUUcPJVR00mHyNWaR4pSHqEahR4vdeRFOTJj97N0P2G1+BqwFwxSNrU2fk50cLCDTCurDYAdTVzjgf/HuwIkSMAMD+3UizqFWPVNbVj7rvfGN+/PwVDlstL3nelAQT9nQ/wdqQn97vNPrdb3OOte+trq6uh0eKxRTEYqY2OHLI8LnPy3QRz8yPI+z5UT5VMy85l2KuuI0llvfSlGsPkVsHcrkNKVe2ItyXVQAISEkYHS1ToZRW1fJvt5tfabu91uFXl3KcqhysYjCgqRp2a/VDuS7+sJitZB7oywIgehyM2qEhVy4czjqHhw8Xg8FzYvHBNFNsX1M5fwJC+B2Ww5PvCWWeJPL/YMViDMlkjXb16id6ItEOAFUXL+6yDw2FABDicQ4pH1H8H+aogwK0vYliAAAAAElFTkSuQmCC",1
https://themes.gohugo.io/themes/hugo-rocinante/,Rocinante,"Rocinante theme for Hugo Rocinante is a minimal and lightweight theme for hugo. It has minimal non-essential components, and supports normal blog posts and photoblogs. Here are some opinions used in building a theme. In short, extremely minimal footprint (under 5kB) with good contrast for accessibility. Demo link Features Pagination Tags support Mobile support RSS Feeds No essential Javascript Custom CSS support The only javascript in the theme is for an optional enhancement to Email link, where it shows the email ID upon clicking such links.",1646612169,"data:image/png;base64,iVBORw0KGgoAAAANSUhEUgAAABAAAAAQCAYAAAAf8/9hAAACpklEQVQ4jW2TT2hcZRTFf/e+72U602Em5J+d2aikLS5aUKkiooiQZVdu3IjiwpUKiotJiuBIoepCFHShuBM3bty5VhSRNDYq1KptpS6kTTqTNDNN30vmvXdvF5OZxurdfZdzDt899x64U+K0dfRYZXFhmdaFZVoXVllcGPX3MDImjZpC2wB+oX10wO6i4M/NTM3GAN3NTubIFxOU3n2Q9sX9nLHST7Tqir5q+GuzWp+uzTd8sjELwNbVDv0ra9IptjYU+dCwj07wXm/8g7MsPRMjbx+MKsfqhxvMPHEk141B8PUEBKRZxWpR3v3uUuhdWeNWkZzP8Lce5Z2vol+r7Tkf5F83p5v3Nw/fl9UeuzfisyfVr6fo6qaLgT0/L/LmQ1r9oUctPphFGY3ttP/0y9WFz7U4UA6GZNVDUxZXyrFlBYijDuwWwm4uioAIlufElXJcPTRlhmTFgXIIluQOYGaKuYsI4ohXAzTLQ4MqATEH1DEfYgFLcg9aCeKJy95OBAU3R148Ci8cGQpEgqc5RMhogYKLVoIE7i4HVOBsB37eGNr8+D3wQB3c/wMPluTuiO+RHRsa79+vwad/DgUmIuT4FG7i+OjoxMcjWIJrpIaKOo6IuJSDMFkaCpQiAHdMRAVVNcC1EkSjnTRXKG2v3dA83ck0DjiImUPhTuFu5jiIhpg83cm212+oQinaSfPok8G3t17iqX+S5ObxpNufK9IBld/TXH/rq6WZeBDR9V345mre/fGSrv/xd7S5vXnR0MWHB6eX953yGzPOxOuCvzIbTdbq802vN6YFoHet672/rkmn2Oo78rEw+OAE73f/N0wrnDpm2KkIeXZmek4BuhvXrcC/VPTMI5w5fzdnnMz9cT7H0skVWpdXaF0+x9LJO1v+d5xvAyFBQHtsjVpwAAAAAElFTkSuQmCC",9
https://github.com/josephhutch/aether,GitHub - josephhutch/aether: A responsive and clean Hugo theme for blogs,A responsive and clean Hugo theme for blogs. Contribute to josephhutch/aether development by creating an account on GitHub.,1646989425,"data:image/png;base64,iVBORw0KGgoAAAANSUhEUgAAABAAAAAQCAYAAAAf8/9hAAABcUlEQVQ4jY3TvWpVURAF4LXvvUmuIkEsLLQKgiAW/qAkNvoUFraCDxMlqEUCghZaiyKCjU3wBewEBTUpFEvBGJEkfjZz8HAw4sCG2XvNmv+dJEFLCS7hAT5gGz9Kv4/F7CeYwUoROvlVp5NtLGPUJ44wh+f+Xx5XwFHn5E4BL3EN69jCBj6W/qqwF2W73JGX8BO7WK23CY5jWucYZgu7XbbfcW6S5EaS2apoF+Mke621T70WfUYrbDfJOMnBJNeDd9WobZzs9aU/mdbdsYBvxXmdqg82MbPvmP44G+NtOfg6StKSSHIoyYF+5L+QW5JpkvniTUZJNgs/kmSxtaaaOCxh0lqTZCnJ0Qq6EdyrdLaqjFP/yOA03mCvyl4LztflLp6U/hRnBsSHvX7t1OjPdgZrBVzArVqohZ6DE4N1hpXhKq/jPa7i4iD1Kb70nDwrzmho9KhndLiHzVefdrDabeVwPJ1+GTcx7b3N1S+8MuT8Bs9NR9kw0z0NAAAAAElFTkSuQmCC",9
https://github.com/yihui/hugo-xmag,GitHub - yihui/hugo-xmag: A minimal magazine theme for Hugo,A minimal magazine theme for Hugo. Contribute to yihui/hugo-xmag development by creating an account on GitHub.,1646989561,"data:image/png;base64,iVBORw0KGgoAAAANSUhEUgAAABAAAAAQCAYAAAAf8/9hAAABcUlEQVQ4jY3TvWpVURAF4LXvvUmuIkEsLLQKgiAW/qAkNvoUFraCDxMlqEUCghZaiyKCjU3wBewEBTUpFEvBGJEkfjZz8HAw4sCG2XvNmv+dJEFLCS7hAT5gGz9Kv4/F7CeYwUoROvlVp5NtLGPUJ44wh+f+Xx5XwFHn5E4BL3EN69jCBj6W/qqwF2W73JGX8BO7WK23CY5jWucYZgu7XbbfcW6S5EaS2apoF+Mke621T70WfUYrbDfJOMnBJNeDd9WobZzs9aU/mdbdsYBvxXmdqg82MbPvmP44G+NtOfg6StKSSHIoyYF+5L+QW5JpkvniTUZJNgs/kmSxtaaaOCxh0lqTZCnJ0Qq6EdyrdLaqjFP/yOA03mCvyl4LztflLp6U/hRnBsSHvX7t1OjPdgZrBVzArVqohZ6DE4N1hpXhKq/jPa7i4iD1Kb70nDwrzmho9KhndLiHzVefdrDabeVwPJ1+GTcx7b3N1S+8MuT8Bs9NR9kw0z0NAAAAAElFTkSuQmCC",9
https://github.com/lancatlin/likecoin-chain-tx-indexer,GitHub - lancatlin/likecoin-chain-tx-indexer: Transaction indexer for LikeCoin chain,Transaction indexer for LikeCoin chain. Contribute to lancatlin/likecoin-chain-tx-indexer development by creating an account on GitHub.,1647182674,"data:image/png;base64,iVBORw0KGgoAAAANSUhEUgAAABAAAAAQCAYAAAAf8/9hAAABcUlEQVQ4jY3TvWpVURAF4LXvvUmuIkEsLLQKgiAW/qAkNvoUFraCDxMlqEUCghZaiyKCjU3wBewEBTUpFEvBGJEkfjZz8HAw4sCG2XvNmv+dJEFLCS7hAT5gGz9Kv4/F7CeYwUoROvlVp5NtLGPUJ44wh+f+Xx5XwFHn5E4BL3EN69jCBj6W/qqwF2W73JGX8BO7WK23CY5jWucYZgu7XbbfcW6S5EaS2apoF+Mke621T70WfUYrbDfJOMnBJNeDd9WobZzs9aU/mdbdsYBvxXmdqg82MbPvmP44G+NtOfg6StKSSHIoyYF+5L+QW5JpkvniTUZJNgs/kmSxtaaaOCxh0lqTZCnJ0Qq6EdyrdLaqjFP/yOA03mCvyl4LztflLp6U/hRnBsSHvX7t1OjPdgZrBVzArVqohZ6DE4N1hpXhKq/jPa7i4iD1Kb70nDwrzmho9KhndLiHzVefdrDabeVwPJ1+GTcx7b3N1S+8MuT8Bs9NR9kw0z0NAAAAAElFTkSuQmCC",8
https://pkg.go.dev/,Go Packages - Go Packages,"Go is an open source programming language that makes it easy to build simple, reliable, and efficient software.",1647668888,"data:image/png;base64,iVBORw0KGgoAAAANSUhEUgAAABAAAAAQCAYAAAAf8/9hAAABf0lEQVQ4je2STyjDYRjHP+9vr8naSTajbFb+pWwXzVrKwRE72cHNSSkHRWk5S5RydlpuaitNlAsptBzkTylN/kwtQ1KUrPm9Dr+azeYgV8/t/T7f9/N8n7cX/ljiuxCcmFYAt8kLKvkA4B0TDc1NAMQXZkQJwB8cVPbmVrIuL2abE4C2gK8I3Hh9yLuus3eaJHtzxn3ynEQ8KqQ/OKjsQ5NkH1K0u53M9XYgpcbE5gHSY0ByJweM9ncBcPuqc0YF9s4B/KA0gPTOKmabk2GPC1llwVFXz3p4JD992OMCwFFTzXp4BLPNSWYrBoCWiEeFTF98RVa58q/18aW3BXyIzBWJeFRohZ7lVysIyd3jE32zS8R63MR63ERObsBk6AMre0VcWXgwWaxMpRQAtc+XRMZCxt7pfaZSPhQCabGio8oDlGY0TEoQyBzSPT4LwO5imCNAy2FcLchdBMivKxRroXk2to8Rby/kQvMIveTL/AzIg1q8xem0Uk8Z6Xf1D4BPy+l6GhWC1hEAAAAASUVORK5CYII=",2
https://meet.linchpins.cloud/,Jitsi Meet,Join a WebRTC video conference powered by the Jitsi Videobridge,1648049103,"data:image/png;base64,iVBORw0KGgoAAAANSUhEUgAAABAAAAAQCAYAAAAf8/9hAAACDklEQVQ4jX2SwUtUYRTFf+c5D2dSRuG1iREtSMQZkKEBbUbI2RRBQdtatql/oaUQ1NJF9BeE7SModypILwaiYRYVBEo1E2FNjJTEqO+7LXpPZgw9qw/uOeeee/gGOBkCvLm5udzExMTW2NhYutlsrgMeYMSPk2CA8zzvhqQNSRdmZ2cDwCWE1Enbp6amhoMgWJS0EEXRkud5t4As0E5IxyXwAQuC4DZwxczWJZ0GglqtttVLPM5gv1QqnQIuSXoPjJvZLtCuVCpP8vn88HEGApifn784ODj4EvgFtCRNxgleA4VsNnsz5g/818HMzMwQcB/4Leky8M059zmVSj2MougF8FXSGYBqtaqjCazRaOzZPwwBr4BVSWnn3Bvgp5ntAPsAa2tr1pegVCqNpNPpe2Y2LWkDOGtmAhpmdh54Blw3s6RISxIIwPf9B8Ak8NTMfkRRtAIUJN0FPklakHRue3t7Jda5xMCKxeKopLxzruuc+yhpz/f9Rd/3p83sg5l5ZlY1s6XNzc2dZOnhCZJ8SSlgxPO8gpkVzOz5wcHBHjAsaRy4E4ZhGIutz6Db7f7JZDK7ZrYOXAPeOedyknbNbDUMw8cx1aPnKx8GACiXy48qlcqXcrl8FaBYLI4msx5xH/pKdM4tSxp1zr0FVK/XO3HUgaS0owbJwABarVYzl8t973Q69Xa73e3h2VFhgr8j79O5QfFcfQAAAABJRU5ErkJggg==",7
https://thevaluable.dev/i3-config-mouseless/,Configuring i3 Window Manager: a Complete Guide,"Using a window manager such as i3 offer many advantages: light, configurable, and easy to use only with a keyboard!",1650047335,"data:image/png;base64,iVBORw0KGgoAAAANSUhEUgAAABAAAAAQCAYAAAAf8/9hAAAA0ElEQVQ4jdXSMU6CQRAF4I/fyoLCksRoBw2lJRWJN7Ax4RRcQk9B6CiMLQ0FDSbqQYwdBYWVQMFssmz+EKAxvmQzu7NvZt5Mhv+ARpyjUJ3LKZ15xVt0D8Xk5AFGRcI5nuI+xmNdoT4+sQlSwjW+0Y73JDhv6CXSNJwz3IXvIuwQi0LyPd7xi9cKP1ijiasgrcM+4KWQu8QqEl4mFb2QtQmZ0MEXWllL4+B8RNv7g7AbUJrBc7SVUNkNeJD5GvlniS5u6sgHYs5fpDqctMJ/hy1kCSCsjeDmkwAAAABJRU5ErkJggg==",6
https://itcamefromtheinternet.com/blog/nextcloud-syncthing-integration/,Nextcloud + Syncthing Integration,"What if I told you, there’s a secret trick that will super charge your Nextcloud experience?",1651827435,,3
https://meet.jit.si/inkrosetta,Jitsi Meet,Join a WebRTC video conference powered by the Jitsi Videobridge,1664365847,"data:image/png;base64,iVBORw0KGgoAAAANSUhEUgAAABAAAAAQCAYAAAAf8/9hAAACDklEQVQ4jX2SwUtUYRTFf+c5D2dSRuG1iREtSMQZkKEBbUbI2RRBQdtatql/oaUQ1NJF9BeE7SModypILwaiYRYVBEo1E2FNjJTEqO+7LXpPZgw9qw/uOeeee/gGOBkCvLm5udzExMTW2NhYutlsrgMeYMSPk2CA8zzvhqQNSRdmZ2cDwCWE1Enbp6amhoMgWJS0EEXRkud5t4As0E5IxyXwAQuC4DZwxczWJZ0GglqtttVLPM5gv1QqnQIuSXoPjJvZLtCuVCpP8vn88HEGApifn784ODj4EvgFtCRNxgleA4VsNnsz5g/818HMzMwQcB/4Leky8M059zmVSj2MougF8FXSGYBqtaqjCazRaOzZPwwBr4BVSWnn3Bvgp5ntAPsAa2tr1pegVCqNpNPpe2Y2LWkDOGtmAhpmdh54Blw3s6RISxIIwPf9B8Ak8NTMfkRRtAIUJN0FPklakHRue3t7Jda5xMCKxeKopLxzruuc+yhpz/f9Rd/3p83sg5l5ZlY1s6XNzc2dZOnhCZJ8SSlgxPO8gpkVzOz5wcHBHjAsaRy4E4ZhGIutz6Db7f7JZDK7ZrYOXAPeOedyknbNbDUMw8cx1aPnKx8GACiXy48qlcqXcrl8FaBYLI4msx5xH/pKdM4tSxp1zr0FVK/XO3HUgaS0owbJwABarVYzl8t973Q69Xa73e3h2VFhgr8j79O5QfFcfQAAAABJRU5ErkJggg==",7
