url,title,description,date,icon
https://blog.zwithc.me/2019/11/05/how-to-fake-git-commit-date/,伪造git提交时间,"TL;DR1GIT_AUTHOR_DATE=""2019-11-05T12:00:00-05:00"" GIT_COMMITTER_DATE=""2019-11-05T12:00:00-05:00"" git commit -m ""messgae""  将2019-11-05T12:00:00-05:00替换成你想要的时间，请使用Git internal format, RFC 2822或者ISO 8601",1663582056,"data:image/png;base64,iVBORw0KGgoAAAANSUhEUgAAABAAAAAQCAYAAAAf8/9hAAACZ0lEQVQ4jW2TPWsbQRCGZ+Z27w4JSeY4FZKFBKoCgRSGFJZaoyZVSG8wqHDAqdPEDjJp8gviQti4MC5TpUlhcBGF4NpNChMJOwblQxCEON3tzqTwSciJBhZ2d94ddp95F+D/oNkkDMNcEAT5ZbllG5iuGQCgVqs9zefzvZWVlc/1ev1ZquFUg4uH7kW9Xn/sOM5rZn4iInciREDEj3Ec7w8Gg0+L+nmBSqWyqrV+iYjPoyhSWmtxHEcAAIwxaIxBz/MAALpRFL25vb3tz59QLpcfuK77hYheMDO1Wq1vhUJhYowhay2GYTjZ2Njoi4glorbv+xeVSuXRvIDjOFVEXDXGGK11fHR0lD04OJjEcTyJoggbjcav4+Njdl3XJkliiKiolCrPCxCREREGAEcpRcPhUK2vrxc7nc7v0WhkiciJokghIgKAIyLMzAkAgEpvQABAKTTMZDLTw8PDr1tbW4Xz8/M/w+EQtdYyyy+yoxSSzGgzM2azWXt2dpZrt9tet9uNm83maDweIxHJ3SUAlFL4rw9YRAQRJY5jKhaLcHp6mjs5OUl2dnYeTiYTHwAkHWyt5UUGGhEJAKyIgOd5xlprgyBwdnd3g16v97NUKpkkSRgALCISM6s5A2PMd0T8obUuTqdTu7m5yZeXl6Hv+yIime3tbV5bWxtbaz2tNTHzjbV2cM9IpVKp5vv+KwBoT6dTUEqJUkoAAKy1mCQJ+r5vRORdkiRvr6+vb5ZauVqtNl3X3ROR1qKVieiDtbZzdXV1sdTKC+1hAID0A+2nwPb6/f77hc7NYC6NeWeCIMiHYZhblpvFX2+DHaWamhKYAAAAAElFTkSuQmCC"
https://stackoverflow.com/questions/12580675/zsh-preexec-command-modification,zsh preexec command modification,"Is there a way to modify the command that is about to execute?
I would like to redirect the output to a file, as well as print it on the terminal.
 I found that ls &gt; file.txt | cat does the job,...",1663601435,"data:image/png;base64,iVBORw0KGgoAAAANSUhEUgAAABAAAAAQCAYAAAAf8/9hAAABXklEQVQ4jbWQsUsCYRjGn/fuSu/Sk3ALmlzNtoagKRqSaHMKGkKhEOV0KWispSXPQaglAnNobOgfaCyIcgicmxO9zFPv/N5WwTs5gt7x+5739/2eDwgw/bK67HcnBQG4Ag3L0LJ/BoBFDuDzTiGUCAywDC3bNbRtANCrwxaBziRZanAGcjADwR8AX1uGesEZyFGzXwO43VsKn07GaJa5lY/GMefUAYooEvaELDnCEW9M2I1V7GdPg04hlLAM7dYqqut67ftLNwdpMB5dgRfXdVMgHIFpx9egfbwYk0eDA2LKAWJMkK6cUOhOGdkpZmoQiy29OmwFq1AKb5CgQyakAXqQJKpELn/eJzPK1JKhPhHjk4EmMzUVmU/coVLkeXff672pk155YXUsxikCJQFeYVCSgCiAV920N311b+r37FslH413S+qaV86rggfIBbG38RRAN+2ZHzsTMKvGv80vvziHGAusG84AAAAASUVORK5CYII="
https://itsfoss.com/micro-editor-linux/,Micro: Making File Editing Easier in Linux Terminal,Easier than Nano and definitely a lot easier than Vim and Emacs.,1663662316,"data:image/png;base64,iVBORw0KGgoAAAANSUhEUgAAABAAAAAQCAYAAAAf8/9hAAADdElEQVQ4jV2TW0jbdxzFz/f3+///5qLRxCQmWm/rXLcWR6FUaLeWdcIaq3FC22zFlyH0YeD6MNjG2MMig11g+DB2ofRh20vB/8as9VrnZrsi7TasdqJstHFtnahpbEzUxP/1t4fhoJ7HA+fAgfMhbEtVOQIBwrVrUA4dOik0e95obfq9oH8oarpcUWs1+SZisQ3sEO00CvpGnjSKXXegbz2E4rhgG+ZZCpQGHMv/vJKPNKvOS5cq821tCzsLiA+PvsoBLmQcNCRvJx4kGeMGKLcBy+234CtMcZa7Z/OCemboMevmxPB2ATmHhiq2SFoQJR5gJYf9d/rEqSemUe1ftwQjvpgupN7lBvwWaga8MqR0ptFsPfEzTqv8/wl8dHTC0uSGltnzduzYsvLXZFLcurIKxgQOnAjRngOldt9khaWGOrjitj/GhnlRb43MUtH4uF83jFMaubueuT3gP/50Fj0Tu9nS1Ipw/TFM4BJyzzZh134f2l+8K8buecVkbRtjYhNMM46zXE7r1sLlX2EpFWwM/km3H1ay9M0ZyAEnOffVQdlbB6VEwuqvc2J6qRpN4TmBtbQphJ1gpr0okS2+xeqjw6TlautD85ieCkP31dBTwVJ0vXAYminQNSfhb02GeT+BvTUJW7Zs2YDSrbc2zkpmtOknjI9/wzyFH5i6MOQbP0jeuTLxRWc37a6tA2MM3l1TaO94iwrsjNCOhDnlNyy43O8UDAwkmDQ0+hwDzlmWYiatMt5+zolKLyHoL8NaJoW1TArhUAWqyoAzb7hpRfeTTsWcfJ4qi+RGJghBGFYpQh6p58FBlFco+OT1JDlvfQYuh8CkoCiZ+Vx82plFuJysnuWjAiWFCUdq6aRp63ECAEdvb41dXNShbyrvNc9fMLvqxyRylLCtwGkhhAVn8juCvSk+WnjJ+L70LOfIjlmRSOS/I8XjEuJxU7k8eMYoC1wUyTz2LF7Fy4HrorZoQTAS9v2tGtaffp5mvEeJvAqQXd8UtqsSLUfShLhgeB+Cj/zYZjsc57menzThqkdmKyTpWU6FbhgGA3weKHbmXctiM2RamtkSGQNAj8HkUVVfNhZ75BgcfE2rqv5aLCfvQpa+ZFr+bdgi5DaNwHo0mtoJ4ONgxeMMqlosXf3lQ7m/vwEAlMsj+6SRsWMQIKgqhxBsO/QvghODzebIMQ4AAAAASUVORK5CYII="
https://blog.wu-boy.com/golang-online-course/,Go 語言課程,"課程緣由 當初想開這課程的原因是，希望可以造福全台灣的朋友，之前跟 iThome 合作開了一堂實體課程，但是很多人卡在假日無法出門，再來是實體課程成本比較高，有時候上課沒聽懂，回家也沒有老師可以討論，造成學習效果不是很好，所以我就來錄製線上課程，讓不能北上的朋友們也可以跨入 Go 語言的開發，體會 Go 語言帶給團隊帶來的好處及優勢。希望能透過線上課程可以跟學員有些互動，把 Go 語言 推廣到各大公司及新創。如果您還正在挑選一個高可靠及高流量的後端語言，那 Go 語言肯定不會讓您失望。
課程簡介 Go 語言 (又稱 Golang) 是 Google 推出新一代的強大語言，2018 年 1 月 Google 公佈了去年底統計的問卷結果，發現 61% 用 Go 來寫網站，37% 用來開發系統程式，36% 用來做 DevOps (多重選擇)，可想而知 Go 語言可以拿來從底層寫到上層。高效能的 Goroutine (併發) 表現優於 Parallelism (並行)，語法上簡潔又簡單，這也就是為什麼我們要來嘗試 Go 語言。
您會學到 如何將 Go 導入團隊及說服主管使用 如何寫跨平台 Command Line 工具 如何善用 Go 語言特性加快部署速度 如何有效率的撰寫 Go 語言 課程大綱 Go 背景介紹 Go 環境建置 Go 基本語法 Go Goroutines 介紹 Go Channel 介紹 Go 簡易 HTTP 伺服器 Go 簡易 Command Line 實作 Go 跨平台編譯 (Windows, MacOS, Linux) Go 搭配 Docker 介紹 Go 語言開發實戰案例 Go 語言專案搭配 Drone 持續整合測試部署 Go 語言搭配 Kubernetes 講師資訊 Appleboy (吳柏毅) 目前服務於聯發科技，擔任後端工程師。長期貢獻於開源專案，熱愛開發程式。",1672384422,"data:image/png;base64,iVBORw0KGgoAAAANSUhEUgAAABAAAAAQCAIAAACQkWg2AAACXUlEQVQ4jXWPPUxTYRiFz/vdr/feQn8ohVJpq5QoKBFxQFQSh6pxMSaaOLq4OZroZOLkoIuJxsmJVRcD0eDgYJTExOgEisHwlxQo0lL739v7870OZSBRn3c957znEDPDsQE0rdbs8tqXUr3kMz0SrhCtei1qW5N90cvppCO0LtPQTJN2i8WXa5ul36W654VDoW7dt+CiFun1NxsX/BSA+pTLb1WqjaZ1Mnng1olhbfTGzWevXm97fDYRv9plZEZHhtzmh1+7I1srg5VC5vTERKhjztOWFuZ3gpExvy7iPm0glTp+ZnL93ezDJ0+ZxGCsJx3vKxfy0zMzAEzTDDh2/7nz43DSvVF5MZ38WSzPafqpzKXb6X63Vp1Zzk49nxoOdjy6/yCbzb7PFXL+sLDdzKFEMBCQilHTpEH4EU083i63NqvJ3cXr5c+Rzvj0968rwQHhD3ca/oaycq7FzFKxshUTs65RJRRpkJ5urN+5e69oWS8sqffETNdSyhWaVrFdYiUFSIIYxGBNcUDYi90jbwobv7Xwat/BkN10QZogEuywArMkIfzEDEVECgzF0vB9jCWlEEGhPCYigAGQx8xKSdKNsKErT0FIAAwmQsAwmJkBIrQPrEhIkrqoFvNOuUAkAKY9BDODqB3OYLAS0lcu5Xc3V7UrY4Etx92IHTXgMf6GQARWrmZ07SwZ397K5Pi1+XwdyoEgImJut95DMQsGQKQcJ5g6PHRMpIZGldkJMPbp9uWDCUQEVjD0RPqIUFaz5nqi3fs/tN96Co7dEgB57YX/MjBAABEpho9YCPoDXIMm0RUTA7wAAAAASUVORK5CYII="
https://phoenixnap.com/kb/how-does-ssh-work,How Does SSH Work? {Detailed Overview} | pNAP KB,"Learn how SSH works by reading this informational article. It explains the mechanism behind the SSH protocol, as well as its common uses.",1672386726,"data:image/png;base64,iVBORw0KGgoAAAANSUhEUgAAABAAAAAQCAYAAAAf8/9hAAACnklEQVQ4jaVTTUhUYRQ993tv3vw4jqKjhIwSGjLkpkYxsBhCWrRoIeH0r0gEhpRYiIuCVtFGWqQtzFWIudCCEJFQGCIsJHRoU/4mKpGDP804/r3mzftuC3OS0V13eTnn3HMP9xIzE/6j1NTGlNfrtK6v+YY9PkfrycuOOdcRzVS1bXck/HnlxY1wKp72O1jKyfQt2bP95y8+LdxQtSsiobsVKUFgELBMxC0s6UO0PTB/QGAmP7/clLLqRE1XhXVrzU+0q0vAJwk8IXAeQDcB/LBZ9bpwa802AAgA6CMSmqHfKantjtn2kQFACtm03hYYNBUeASMOoDiWcI6U1XeqyQxKPJ6GYK435NiJ+PFv8jcm9AiTzmTc7c1SSNwCwQ8AqmliJiP/Nog6BABYZaKqsfLeUYWNSQAgwgATD4DRyEIUE9E7ANV7rgQYpqFXd5aW7q6wYbG7DWaVmBIAGiRjFUwtDAyCOUncXwkhsmJGtiZ27bJNAduiSH8cbQt0EPHyXyezANyHHoDkeKbddAoAsBtxzSp5OY02L6U39rnB5AeQAMhzKJkZCinzZxe+ugUARGxp74ffNIVZWKoUYJqZBwGsMnPeYXxD1XBtJhgkoEDsRq48t0mjwbCmD5kkMomoFoQLxGgCsJgyHr9tru6HY6/KQ+HwkACAU7MToZjmCE6/vFq56ch6ZCiaK/osEIq2B+YJ6E8GRwq2nLmvJ7uuz20r9q4As0xe4nhZmRqPbPbm6BuuB6frewbzfbm6xfFFsFGnxvVFJnG8cCfSP/C2+dy2Zh8oWVjoAlJ+AQA+HvM2Z8R3WkymUQvMn1MZBZuerRWnw9RtimkW/3K47lfMTIzu4Q8IAMB4UZHLYM0Pkj5VSiSEoktwsOL71Fgq9g+uaCId1UmLjAAAAABJRU5ErkJggg=="
https://www.kvraudio.com/,"Buy VST Plugins, Audio Units, AAX, Instruments and Effects, Download Free Plugins - KVR Audio Software","Buy VST Plugins, Virtual Instruments and Effects, download free plugins, plus news, forum, reviews, information and deals. Find the latest Audio Plugins, Audio Units, Samples, and Presets",1660142135,"data:image/png;base64,iVBORw0KGgoAAAANSUhEUgAAABAAAAAQCAYAAAAf8/9hAAAB50lEQVQ4jYWTQWgTQRiFvymtGnrQ1NxsLSlqUBQtUlRIrHqsPagXFXNUL6JQjxZFhBxE0YMHCUGhViF4iGhaQTS2CVswuEIhhViLVkhbEWLTQN3ZVHE8NInDsq0P5jDvf+/xzz8zAIOABdjVVQHywAH+4TxQ0DRLgARuCcDqj0Q9mphEPDaaz5lp4DpwCBjqORae6OwK7atpjJFhI/3mhWwEBA4IgQK8QBvwoN0fMDu7Qt21emm+OJNJJXcAZxqdZgduN61ZWwmfvdytk7F7NxaVUoPA69UCdgkhdp+7eM3SyScP76Z/LVWagCsADW5OpRBAqOd4eMrb4mut8eMfjOzXzx83AxdqnHsHStHuD4zt2Rust25Lq/zy2eOtQB8wvmqAf8t2jz5xgPt3rk4rpd4DT3Xe9QhOcyIeG7WsxWbgEsvvoI7/3QKl+eJMPmfuB046zSsGSPlzweNp3gDgbfG1rvduzJZLPxLABDBX7bwCPBeA7I9E1+kBmbdDxsEjvUGdmy18mcyOpb7pXD5nbnPtoPh97rcxMmwEDx+th2xq6wicONUR0HWRnGm7DhEhyKSSO2cL05OudQ0NwB+3glLq00D0pu9VMp62pVVewa8ABlj+zrK6bGAK6AVOA++ABYdGVveP/gLTTbKYAHuImgAAAABJRU5ErkJggg=="
https://drumsettips.org/bossa-nova-drum-style-latin-drum-set-beats/,Bossa Nova Drum Set Style Essentials,"Bossa Nova is the second in the series: Essential Latin Beats for Drum Set. Over the years I have collected a bunch of books that talk about playing various Latin styles and patterns on drum set. I kept going from one book to another searching for answers and ideas. Here are simple, stylistically accurate and essential Latin rhythms and patterns to play Bossa Nova on drum set.",1662944334,"data:image/png;base64,iVBORw0KGgoAAAANSUhEUgAAABAAAAAQCAIAAACQkWg2AAACmElEQVQ4jUWSO0srURSF9zmJMJMHvtKJjWCQNEEYC00lKFopqYKIlWJhrxDQHyDY2CmCBrEVmzQ+QsogCEMKQYeQZGBSqZGZyZwzmeScfYvcm7u7VexVrO8jjDEAIIQIIaLRKAAIISqVysTERCqVGsRut0spRUQACBNCpJRSSlVVHx4ems3m7+9vo9FQVXV6enp0dHRpaUnTNNd1w+EwIQQYY4wxRCyXy+vr6zc3N7Vazbbtn5+farWaz+dzuVyr1UJEz/MYY8AYc123WCzu7e1ZloWIQgjf9znnUkpEfHp62t/ff39///sghPj8/MxkMoZhICJj7Ovri3MeBIHjOI7jIOLV1VU2mw2CgDFGKaWtVmtjY2N2drbT6TDGms3m3d2dbdvxeBwAfN/P5XIzMzPtdjscDlMppa7rc3NziKgoimVZhmFomnZ+fq7rejwe7/V6sVhsfHy8Wq2OjIzQ7+/vcrk8OTk5KEun0/1+3zTNg4ODQqFwe3sbi8UIIYqiPD4+IiJNJBLLy8vtdhsAAIBzvrW1ValUTNM8Ozv7+Pg4PDzsdDpSypWVFUIIIOLLy8vp6SkiOo7jeV6v17Msa3d3t9FoIOLl5eXm5ub29rbneUEQgBDCMIzhSo7juK6LiKVSaWdnx7ZtRLy/v5+fn7+4uPB9P5TP56PR6NTU1PX1taZpiUSCUur7fjKZtCzr+fmZEKLr+snJSbFYTKfT/0mXSqW1tbVCoVCv1wek6/V6NpvNZDKmaSKilNLzPDIkGolEhi7VajVFUVKp1Orq6tHR0fHx8eLiYrfbDYVCZGirlDISiQBAv99/e3sbGxtLJpOU0tfXVynlwsLCwFnCOYd/J4QAAEqpqqpSSt/3EXHgPOecEAIAfwClrMl2ukKt1AAAAABJRU5ErkJggg=="
https://hackmd.io/@idoleat/rJpD1_y4X,Music resources - HackMD,有很多沒啥卵用的老舊連結可以清掉了但是我好懶得動，有空再弄,1672664485,"data:image/png;base64,iVBORw0KGgoAAAANSUhEUgAAABAAAAAQCAYAAAAf8/9hAAACWUlEQVQ4jW2SP0ssWRTEq07f7hFxcCIzRRFh/JMYLRsY+BHMxchAeCDvZS4mYyasusmCsBqJn8BAP4OhvP0EirYKLq0tzjJ3+tYG9m3eLnvie+rW+VURAO7u7n4/Pz//kue5T5LEkRRJeO/ZbrfD7u6uOef+yLJsC4ABCIgjKbu4uLhYWlpSt9v13W43zM/Ph4WFhTA7OxtWVlaq29tbv7e3p9fX198ksdfrWdx3AChJY2NjGA6HJAkAIIksyzAyMsLR0VG7vLwcFkXx9ejoCL1e7xsAApD7fEtKQlVVqgVIElVVKYSAwWDAVqtlp6envqqqr0VR/N3pdH6RRAcAZmaSmkUAMjOQpJlpfHwcq6urtry8jKIo/M3NzY6kv0j+Gk+waDv+CAAhBOV5zqurK62trcnMmCQJAISyLH+ODEDS6gWkaYrJycnIgSEEnZyc0Mz08PAg7z07nQ4PDg68JHMAaGYEAO89pqamcHx8jCRJIAkk6ZzT+/s7Nzc3kec5nXOs4/xkIMkkIcsy3N/fY2NjA2YWY4aZsaoqFUUB55yi8L9SqIuDmZkZHB4eNg5qyPj4+OD29raen59jTGocxBTSNMXj4yN2dnZAshGoI8Xb2xtqiJDEBqIkI4nhcIiJiQlsbW0pdiM68N5rf38fLy8vIhkdqIFY34p+v4/r62v+ABE1YA4Gg0a4dvB5QixQlmUqy1JnZ2eQ1NS6FlK73UaaptFB+BFiVpZlXGKr1cJ/R5L6/T6rqoqu0sigv7i4+Of6+vpPT09PipD+Z5qkpqenMTc3951k+Acgz0xgtaXyjAAAAABJRU5ErkJggg=="
https://meet.linchpins.cloud/linchpins,Jitsi Meet,Join a WebRTC video conference powered by the Jitsi Videobridge,1628690764,"data:image/png;base64,iVBORw0KGgoAAAANSUhEUgAAABAAAAAQCAYAAAAf8/9hAAACDklEQVQ4jX2SwUtUYRTFf+c5D2dSRuG1iREtSMQZkKEBbUbI2RRBQdtatql/oaUQ1NJF9BeE7SModypILwaiYRYVBEo1E2FNjJTEqO+7LXpPZgw9qw/uOeeee/gGOBkCvLm5udzExMTW2NhYutlsrgMeYMSPk2CA8zzvhqQNSRdmZ2cDwCWE1Enbp6amhoMgWJS0EEXRkud5t4As0E5IxyXwAQuC4DZwxczWJZ0GglqtttVLPM5gv1QqnQIuSXoPjJvZLtCuVCpP8vn88HEGApifn784ODj4EvgFtCRNxgleA4VsNnsz5g/818HMzMwQcB/4Leky8M059zmVSj2MougF8FXSGYBqtaqjCazRaOzZPwwBr4BVSWnn3Bvgp5ntAPsAa2tr1pegVCqNpNPpe2Y2LWkDOGtmAhpmdh54Blw3s6RISxIIwPf9B8Ak8NTMfkRRtAIUJN0FPklakHRue3t7Jda5xMCKxeKopLxzruuc+yhpz/f9Rd/3p83sg5l5ZlY1s6XNzc2dZOnhCZJ8SSlgxPO8gpkVzOz5wcHBHjAsaRy4E4ZhGIutz6Db7f7JZDK7ZrYOXAPeOedyknbNbDUMw8cx1aPnKx8GACiXy48qlcqXcrl8FaBYLI4msx5xH/pKdM4tSxp1zr0FVK/XO3HUgaS0owbJwABarVYzl8t973Q69Xa73e3h2VFhgr8j79O5QfFcfQAAAABJRU5ErkJggg=="
https://app.osmosis.zone/?from=ATOM&to=OSMO,Trade on Osmosis Zone,"Swap, earn, and build on the leading decentralized Cosmos exchange - The largest interchain DEX",1652166278,"data:image/png;base64,iVBORw0KGgoAAAANSUhEUgAAABAAAAAQCAYAAAAf8/9hAAADBUlEQVQ4jY2TTWxUVRTH//fed9+89+arb6avHzMDUwr9IKUIZKBlIRICNEpC48KVkJDAiqWLujQhRhNjImHrxoTEkIBEBRaKHw0YDVo+WpRqR0vrtEM7LTO1Zdq57+NeF8AkwIazOZv/+Z2Tk/+f4CVr5Jv73SOX8h8zZs717kuf6R9sHwMA+tKAy5PvzM/MHRKievzecOG3Lz68fRIAyPNCpZR+8aPbR1cWxWC8ydqkaRSPKrXJ4sTDVmms7shsSmEhX0YkzlV6S+oQe2bLl//0fnVm9Htm8bfatiVtu9msOZnYcsd2h2c6E0ZpuhbVoyE9Go/K2fwDqgKjWAeMX5/p/OHzu9eTXQ3NsYS1xhgRIYMJw+Ri/Va718lGQj259LW/fplvnJtc8hrT8SuvHdnwfh2wxRy4RB3RaZhxyXXm6brm6iHN5Rrxk+sjLQREehX/7+6+5sX5f1fw9gf9BxKpWIUCwN2rhb0L5endVVdCKkWUVDSQivme1DxPavdvlm8W/1i6ReN0x6Oy663bbEd/PJs/DADa4w8XBvSEgBcEABRVBJoKJBc1P7T45yp3Z31bF5DRiO4musMtmT32ynefjh8EcFEDgJqoZi//RFCYqiAdESwVs0wzYIYq+o61RqkNjgZoeNqzrztr1m69UL8AVBNLy2FUqwKlqoA3H7DHYg4LFOrJn0wwpMGRDTF9ypeiDmjJNow2RSIoowMcFVBUQQAwaDBgohFhtBMTbWBwlA83Q6Tvyt/rThw40XVh12bico3DxCuw0Ycm5JBCD9IkC4fYiNkGeIqDtur4lf2HPUc7ztUBVtKa2Zlr+6Q/Nw2FZQBAqlMHNwkoI9DjDF45gFfyMH4ASjWyz7I9yXvPWFkpxc++9/P54WvFwdLIRjgiBodItOoSCeHDaZBYeHUZskcbPnaq7w1CyNoLWVBKsa9Pjw1NTBTeLYz58bAfRQwURFtFeCurptuaT785tO0UIcR9OvNCmJ6AIne+LezP3yh1B56i7blkftfhDVcJIUvPa/8HEZkqCKvOA/0AAAAASUVORK5CYII="
https://mail.protonmail.com/,Proton Mail,"Proton Mail is based in Switzerland and uses advanced encryption to keep your data safe. Apps available for Android, iOS, and desktop devices.",1556017301,"data:image/png;base64,iVBORw0KGgoAAAANSUhEUgAAABAAAAAQCAYAAAAf8/9hAAACdUlEQVQ4jY2SS0gVcRTGv/M////M3IcIY1dtkZhGoYLbtrdNrYNuBO16UEQlFK0SmaKgRUVgtQpKQhJdtAjaJio9oFVRLYKyWiSar+5z5s7MaXH1ZmrUtzqr7/zO9x1CXaLOHF5IN8EF3AUAQCLhSiIJ8guILlynIjYRrQ59ucouKxVPWJbWWscxG8AYFssosJa8Y6uPBHp0op+G1hooQAgAYos4FsqA2GW2t9jG3mIbnTGsMkmbO7SifUbjwZ1L4b0VYgIADZAAQBQGIloXILD9iv8wjtRUqKGJEQUhuUrhiNHc7Th89PZAOHn6Mg15nihdcyIJY9JMTkPSAZaLavLqXesP1CvnSqMJm14Yw1uDSA4AGPI8SJ2gWpAZX1f68wVHA3jn5cSaTk2r9mJ77LaCzt6kb9fOV19FBvvDQNqyWdHj4xQS/lOeJw4vVl+nk6arWK5O9N+y9qxkUK+RcjmosTGKTh0qbbN01MlkbLYkNKzcaLZ6HETdfgAKqvHT1erXGBDm5j6bk7nSDSY+JkJJMJHEANiCAqAUkC/4U8a3B2svQLH+XQlJZ2OT51iJvjASRFEVIgLNhHJUCZlpiRRGyhX74uAwVTY80t7emdT2ne6nKPCb5n+8f9vodgwkkg1lYmgj8WLM5Q+Dw00/12dTP2FHV0tbqTCbnvv6RuXzX0YeP9/9ZGOUQis7ZYNBEAQoLn6Pk3YzUqkWyU2PMrp7uOdgdwgP8EDxauXrCGr3S37ZSVsZJ9HQTOVgnu+jN8o2PyPP64n/2u1aAmPSSbasJccwk5UpAsD4eHbDxk0Maljz6cTL1gI6gwCYTauVlCn6l8EvzxX26i114UgAAAAASUVORK5CYII="
https://github.com/,GitHub: Let’s build from here,"GitHub is where over 100 million developers shape the future of software, together. Contribute to the open source community, manage your Git repositories, review code like a pro, track bugs and fea...",1507090959,"data:image/png;base64,iVBORw0KGgoAAAANSUhEUgAAABAAAAAQCAYAAAAf8/9hAAABcUlEQVQ4jY3TvWpVURAF4LXvvUmuIkEsLLQKgiAW/qAkNvoUFraCDxMlqEUCghZaiyKCjU3wBewEBTUpFEvBGJEkfjZz8HAw4sCG2XvNmv+dJEFLCS7hAT5gGz9Kv4/F7CeYwUoROvlVp5NtLGPUJ44wh+f+Xx5XwFHn5E4BL3EN69jCBj6W/qqwF2W73JGX8BO7WK23CY5jWucYZgu7XbbfcW6S5EaS2apoF+Mke621T70WfUYrbDfJOMnBJNeDd9WobZzs9aU/mdbdsYBvxXmdqg82MbPvmP44G+NtOfg6StKSSHIoyYF+5L+QW5JpkvniTUZJNgs/kmSxtaaaOCxh0lqTZCnJ0Qq6EdyrdLaqjFP/yOA03mCvyl4LztflLp6U/hRnBsSHvX7t1OjPdgZrBVzArVqohZ6DE4N1hpXhKq/jPa7i4iD1Kb70nDwrzmho9KhndLiHzVefdrDabeVwPJ1+GTcx7b3N1S+8MuT8Bs9NR9kw0z0NAAAAAElFTkSuQmCC"
https://hackmd.io/,HackMD - Collaborative Markdown Knowledge Base,Best way to write and share your knowledge in markdown.,1527317387,"data:image/png;base64,iVBORw0KGgoAAAANSUhEUgAAABAAAAAQCAYAAAAf8/9hAAACWUlEQVQ4jW2SP0ssWRTEq07f7hFxcCIzRRFh/JMYLRsY+BHMxchAeCDvZS4mYyasusmCsBqJn8BAP4OhvP0EirYKLq0tzjJ3+tYG9m3eLnvie+rW+VURAO7u7n4/Pz//kue5T5LEkRRJeO/ZbrfD7u6uOef+yLJsC4ABCIgjKbu4uLhYWlpSt9v13W43zM/Ph4WFhTA7OxtWVlaq29tbv7e3p9fX198ksdfrWdx3AChJY2NjGA6HJAkAIIksyzAyMsLR0VG7vLwcFkXx9ejoCL1e7xsAApD7fEtKQlVVqgVIElVVKYSAwWDAVqtlp6envqqqr0VR/N3pdH6RRAcAZmaSmkUAMjOQpJlpfHwcq6urtry8jKIo/M3NzY6kv0j+Gk+waDv+CAAhBOV5zqurK62trcnMmCQJAISyLH+ODEDS6gWkaYrJycnIgSEEnZyc0Mz08PAg7z07nQ4PDg68JHMAaGYEAO89pqamcHx8jCRJIAkk6ZzT+/s7Nzc3kec5nXOs4/xkIMkkIcsy3N/fY2NjA2YWY4aZsaoqFUUB55yi8L9SqIuDmZkZHB4eNg5qyPj4+OD29raen59jTGocxBTSNMXj4yN2dnZAshGoI8Xb2xtqiJDEBqIkI4nhcIiJiQlsbW0pdiM68N5rf38fLy8vIhkdqIFY34p+v4/r62v+ABE1YA4Gg0a4dvB5QixQlmUqy1JnZ2eQ1NS6FlK73UaaptFB+BFiVpZlXGKr1cJ/R5L6/T6rqoqu0sigv7i4+Of6+vpPT09PipD+Z5qkpqenMTc3951k+Acgz0xgtaXyjAAAAABJRU5ErkJggg=="
https://meet.jit.si/,Jitsi Meet,Join a WebRTC video conference powered by the Jitsi Videobridge,1584284246,"data:image/png;base64,iVBORw0KGgoAAAANSUhEUgAAABAAAAAQCAYAAAAf8/9hAAABMklEQVQ4jb3TPYrVQRAE8F/tF4qiwS5+gKiYqYFgoumCopgoeADBE5iJVzDwEgaymQcQDMQTCGJosqjZgoGu4CuT+cOy+9SHgZM0TE11d1X38D9O29W26/OwpQVzLONx20P7gZUFqm/gAS5htnCCtks4hjs4ixdJfrRNkv5VQpIZzuA73uJ+27t7yZA/dHBjJFjDDk4N6FWS93MlTO21vYbiNU5iO8l224fYmCQmme33IIN4eMTbw4d3bU/jCqbqPeBBklnbE/iEi/iJL1jHJi7gw3jbeRKO4wl2cRRbSd60PYeneJZkZ/8ktM2I19veavu87b22aXu57aOBHTB9Ik7mXcVNfBxLcx5f8TLJ53nTWtmrB9+wlmRrLNJqkt29rv9u7JOU5bZHBnm6W/S//Nv5BbYFmsfBlUfSAAAAAElFTkSuQmCC"
https://www.openstreetmap.org/,OpenStreetMap,"OpenStreetMap is a map of the world, created by people like you and free to use under an open license.",1663246543,"data:image/png;base64,iVBORw0KGgoAAAANSUhEUgAAABAAAAAQCAYAAAAf8/9hAAADZElEQVQ4jWXSS2yUVRjG8eec881815nOdGbSwlgt0yYtGCQikjAQgxtWRmPQboxuZOGm6sr1bFwY48YEFyyIy3agiTeQgAGtsUQjLWmCSmOhLZSx7dw6l+9+zuvChBj9rf6rZ/Ww253qiTjAWSJ1G0E8YyRzm6ZlHWt53dMb7bVywogXdNeY7bb1+eFC/nnHZq/Yll1aurJzfGpqKmQLD6pmwqBbmbSzv7HRkFY+H3IuzGbQQ6OzjaQ0YMUjGDCHehHFTsevw7EClEaz5SF2/CYvj0x5YRTNRTKOpReQ122ZUegpGboyaBq0Vy/LfcVJlSuknXTaVJnUsN91MzQ/v/YCAHAAgKfVkpqj6ZkBYq5SEDHz6p7IG/tQyNuCcckYCTKSBoPuJ4RFkDLzWoWIawAwmM2WDWHBcBQY+Wy9dZ+t7kiUS6MsjkzImDNOGtw4RCfYYrFwoacSk2vvfDCm/dqsDkgWn+y4bUgvELtekzWkj7w9Dj900Hc5FAFBJNH3BcAHGFlNKI10XceYprruE55OOS4F0AuYSjLakxxmjzba6Oo+rIwH8B76bg6KkqQbXXLMLLdt4e5uN5b5xx99vt533TWoGKEMlJlwmMmGITGIn3+8gZgJEHdhOTXYmU3kUgZNDB6g1ubuhZmZ83V+4bPve+16Z1G3dJCKVOgLMngWKcPBd1/M4kr1G8ShA6ZpSJs22aqAP/5cwWpt8TqAWAMAKeXvUhH8RBqOJLo6M8ta9+5jdFxD11vBb8sWbN2EYZssklImk4yPPOlMAlAaADxVPLDXEClkC13Mnb/Mrs4sUUIPcea9t/D0s0U0ezX06x3Udlrw7JCPpiextRo+BABtenpa97XoVFL1aPbsJf5t9SYJjeill4+y8f1F7qm8HMoCWo6xu517qqk6aMQP/WuXb1wHAO3gq8VxP+6PzX54CdfmfmLZgsXfeP8UjkyU0BNtlc0nhWB7ELMtRFHMc2YGzc3dR1LfrQGAljL1/vrSyrnW6srbigXi0IlDNdNOLF786ocvf1lYXj395sljuULpxVRGL9X+2l7zw/DOgzvbF78+d8vFvxjvnil/euTowU8mDh9+Bv/HU6lU7vH1/4NVq68LoJjLlp4bAIAqVQVRhaMC/k8TB4AKVThRVVQqlcdDfwOK6qV7BRBy3AAAAABJRU5ErkJggg=="
https://yusyuu.com/%E3%80%90%E9%80%B2%E6%93%8A%E7%9A%84%E5%B7%A8%E4%BA%BA%E3%80%91%E4%BD%A0%E4%BB%A5%E7%82%BA%E6%9C%80%E7%B5%82%E5%8D%B7%E5%8F%AA%E5%8A%A0%E4%BA%86%E5%85%AB%E9%A0%81%E5%97%8E-%E5%AF%A6%E9%9A%9B%E4%B8%8A/,【進擊的巨人】你以為最終卷只加了八頁嗎? 實際上加了三十幾頁的內容(上) | 結局 分析 - Yusyuu,※提示 : 這篇文是分析文，想看完整八頁的人請前往其他網頁，還有以下圖檔如果歪掉可以換成電腦版閱讀看看※ .,1637310313,"data:image/png;base64,iVBORw0KGgoAAAANSUhEUgAAABAAAAAQCAYAAAAf8/9hAAADl0lEQVQ4jWXTXUybZRiH8f/9vP0YpQgUXG0pTBjdgCIYwelQRtGAkqjbDjyYIWwyFGV4aPzKkjceaTQaiGwsg6gDWYgJZrAaICibg0WmbExhlRXEAaUVwkdhsH7Q5/Zgnhiv89/hRbgfsQoiFRL15555pyL/+B6zsYTAFmJiCSx4FgKDH/WMtqDltSusQpAKBsAEAAwIQqaxuqvz00MOW7UvsKX8OuWFZ3mDAcCeFEeFu62wJRgi347ONH/1yv53WUWQVEhiVRWkjhjf7/vkYlleevF7bQPy5z/9EkQCioYAANsRBiCfSDeLppoK8c2V8f7PDxUcZlUNEgBUnb/aeqQot/poQ1docVtq9TE60jGwEYyACEg06LF2N4jDj+7i9ipnRGqE/sjZH7/ofv3ZtxRj3ZnShsrSzyw7EH0q06JJjNXT7NI6Pn6xECeKs6iycDfZEgw0+IeXaw9ki6fTd2q0UsrkhLiC86u2H0RV2WO1IBL2JCMqHDZyjc/xwtomfdg/RkUZZi7PSkGf28uQoKbhSXk3FOGle2EZBjRvHHyyVuxLSy45PTDG3/02K7RCoGSPhcDEs4sb/PU1D0UloyzLShAgz9wyddyYwVYoInrGpjk/LblEaAR23vStoHtijgDQwdw0QDBBgFzjc1AE4SVHKnQGPRMzbvkDGLmzRKMzf0OryBQhpUSsXovuiXlshre5fK8VqQ/GM8LbSDMZEY5K5FlN2GczEYcinJpoQPfEPIKSWYAgmBRfjsWEgH+Ve91exOm15MwwE3RatsYbcHrIDY0iuDwnlaHRUIbJiJ7xWc5LSaYohFe4fauD++0phKiUnTdnAADle61ckJpEi5tBbvzJzQCo3G6BI9OM5a0w1v0B6cxJo1vzy5eV2w88vljpdFRNrGxg2OOjugPZeNhkBCmEXreXJu4s0Qv5u/gRqwlJxh1ov+ZhnTGGX85PlydbB+rFYnPN8IXR6TNNR5/TiPB2pHloks1xMeR4KBFj8ysshMId12cQo1Uo1xzPbu9q5NSx5zVdo1PNK1+euApWVQEgVu37vf/iX+tc3zkcjTKHK9suS1SfiqKuRRrfbosG7oUilzy+6IXpNf7AdaMfQOy/FmAVAoDhzc5fGr+f9IfXJfNJ13UubXBFS5t6ZU3HEE+thXjgtj98rH248T6GAAD63841Z4tfdWYfL7JbnDoFKQBDQnhHPP5Lza6xVrTX/WfnfwDAH67Nq0nPyQAAAABJRU5ErkJggg=="
https://www.loudnesspenalty.com/#,Loudness Penalty,"Find out if your music will be turned down by YouTube, Spotify, TIDAL, Apple Music and more. Discover your music's Loudness Penalty score, for free.",1637935238,"data:image/png;base64,iVBORw0KGgoAAAANSUhEUgAAABAAAAAQCAIAAACQkWg2AAABpElEQVQ4jZWSwWoTURSGz7mZpBmcEZRMy9jFGFwJEUHSbcCFZONzCL6Dz+LaYha+gBsXirqxEq2OEktaik4nJjdtneTO3PO7mDpWFEv/1eGe7/7nwH8YAJ1HTlX9+ycTgYiImcsHVdHMTMwg4lMSKWGu7JyKBgAixZxbHBeiiBqKmvUaAIBKoPSQExpQSj3f//H6W2ZBIkJN9+Yl5876Cn5tBeAELb03Y/1purzRas4W1r+wcmX3w6vCr6+t3b/uCxETMbMCYEUYeLZ3tDM3d9tejen2uvt4Z5ENh/e+PLVO/clnTURSOouUBR591PvHFsBBVmzG8wcv0ikAkfmiePhuZgQArLUMYDQapWna6XRsnuvDw4uXW8bK0dfdl2+G3e6ta+32crk0xriu6zgOi8hgMHi7tRUEgYB839Oz6dUoSr/PaopbQRCG4fb2+/F43O1u9Pt9ttZOJhMASZJ4npfneZZlYRgaY4LV1YMk0VrHcay17vV6URT9TuQ/KopCRBqNBgAWkb/vooqpbCmliEhElFJnTKiO4I/gzlzptNS5aCL6CZG8HrN5SwEqAAAAAElFTkSuQmCC"
https://zhouer.org/KeyboardTest/,鍵盤測試 Keyboard Test,以 Javascript 撰寫的鍵盤測試工具，可測試鍵盤按鍵是否正常，及是否支援 NKRO (N-Key Rollover),1629431244,"data:image/png;base64,iVBORw0KGgoAAAANSUhEUgAAABAAAAAQCAYAAAAf8/9hAAACpklEQVQ4jZ1TMUtbYRQ933v2hUr6mrySZ4xEpUsCSvJ972GsghIimFqbdFFEt+ylLuJUWp0ckk1aKDxd8hs6RGl0UClIaAUFB8HBzi8d8obYJLeDL2kqnXqXCx/n3Ms93zkMf0oG0CQiz/z8vL9er69VKhUfABiG8bPVahUODg6qjLF6GwsAEgAsLi7KAJqWZc0kEonSxcVFxbbtacdxbh3Hua1Wq9PX19ffTNMsWZY1A6DpctAZsrq6mjZNk6LRaDmTyfQSUQdARA8ASNFo9IsQgnK5XLqbi2KxOGkYBgF4RUQeXddnQ6HQh1Ao9HFgYOCTqqqbCwsLa0T0GMALwzCoWCxOAgAjIo9pmuV6ve6cn59nGGO/PB7PnCRJc61Wq6VpGimK8iYSiaBUKmkAHNM0P0uS1Ht6eppCNpvtC4fDtUAg4AXAcK+2trae9vf3UzabfU5EEgApEAh4BwcHa8vLy31IpVKFWCx2RERK56a7/nBnZ+eR3+//zjnfI6Ied4FEREosFjtKpVIF+Hy+XQB5l9jT3UdGRjaDwSC1RbyHyft8vt32Y3dJABrr6+uJWq32bmJi4j2AZjKZ/BcWLJlMFmzbfnZ2dpZijDXcb/NGIpH9ZrPZvLq6mmWM1boXEFFPPB4va5r2VVJVNW/bNtd1XQFAAFpLS0uvG41GYnx8fJMxJgN4Mjw87NvY2JAAQNd1xbZtrqpqHkSkcM6PR0dH94jI4255C6AK4BLADYAbXdcvAXiJyCOE2OecH7vC3xlJCEEAMu4QCYAKIAhAB6C1yQBecs47RmqLhlwulxZCUDweL09NTQU60+80UdLptMY5L3POaWVl5W8rt4NhWdbM2NjY4dDQ0I0Q4kSW5W1ZlreFECfhcPiHEOLQDVOH0+28/4rzb1o5Jbk+lAIDAAAAAElFTkSuQmCC"
https://git.wancat.cc/,Wancat Gitea,Gitea (Git with a cup of tea) is a painless self-hosted Git service written in Go,1639061172,"data:image/png;base64,iVBORw0KGgoAAAANSUhEUgAAABAAAAAQCAYAAAAf8/9hAAACl0lEQVQ4jaWTS2hcdRTGv+/8751XJ5GE1DTVkCi1gsGUloY2YiEILgolZmFdSAOKCIpFlOLGjdOuFIqLZlHQRdEslEygFIobHwsdECEgIaRqqJK26YRmdMhrMjP33v85LpoQgrEgns2Bcz7Oi98B/qdxy5+egAAAikBfH2xLUABgH8AIAOfBwmZ89imweOO+jv8o+18nGB3recylg1NqElniK+bcmqNRCcZRlBx9/OTi/L0pXa5VuoMgdN5oFHTT/Fxw5nLvUJgKr5qyStWuMBdmfawAiJACCxwCkTuUoF0Ct4fOwZkhlXVo1virOIYfq9rXV16fOwDiKxGoKhJTUxh0ZaNicVIXkSAN0ExNzczHTfWgxQJalyWY3FzpNh1IQknCm7cXB85Z796nc6v1P7UR10ESMJoEFBhvCYC7FJwCYKb6XRIZheI2onX2PzrkXzhyFrlUvu2t58dc3yOD3vsEAEECMEyLGT4MMm70lU8PFJoS/+JjlCl0hCUjA2+zvHxTIm1qZ2uPe3/4C2ZTrapInG+YecTfyOdv3JyM6v4cKe9kmflZyP21xooOPjGC9j2dwcJfczjZ/xqqtbLNLJTilXpFM+mUmdnMwr35kgOA6evVHx8+EYzlwrBE4aoIj6eDnOXTD/mDXUfx2+KUa8/v04mfLqKyusBcPhvEDX/p2nvV77mJm6AA3YLj1U+e/MHC5rO+4aLDPc/ZMwdHpLpe5njpguXz+TBqJndV9cj4m78v7aDw9ARc8SXo6FhPb5jNXKXg0FptBdlUCwADBRAnS34jefmzs398C9y/5W502vBHHS0de9uOBZaTZlIDhQYwbKxHN758d34eBoLbP7Mr4v9qtp1/kJCFws787CxYLEKB7c5/A9aTKbSoZ0gFAAAAAElFTkSuQmCC"
https://dba.stackexchange.com/questions/113132/gin-index-not-used-when-adding-order-clause,GIN index not used when adding order clause,"I'm trying to speed up a query that executes three ILIKE queries and reduces these with or (returning the overall count and 10 entries)

SELECT  *, count(*) OVER() as filtered_count FROM ""users"" 
W...",1648993783,"data:image/png;base64,iVBORw0KGgoAAAANSUhEUgAAABAAAAAQCAYAAAAf8/9hAAAB9UlEQVQ4jX2TQW7TQBSGv5mxXSdOmjgpRAShVqpYdVOxZAU3aMVJOEG5Ab0BYg0SZ+AGXSIhUKWKVFGTukmT2B6PZ1ikMY1IO7uZ9/5P//tHDx4735I2X5I3j7WIDaI9rD2Rzh0BbSskypaUUp2D+4yUpxzHN5sBX5MjhPsEtOPpGGVLCs+nli24bu2g/S1wnKHE2xXEW/fjPnaSYdu3FuEs5SzBNxpX36YzGQEw8bcO01b3BHj/H0DZco98gfAC9J+fWJ0CYJIhfreP2t7B0xk4cbjSrAGaw3MC5S/NeD5Bt48MQsrFFJvOUEAtX6AX1+SbAGYywgiJ1+3j9/b+OWvEqEYMQHF1ga1vV7X1EaIWosgx4wEyaiGDcFmQinKW4PIUr7UDytsMsHlKOZ9gdYrM5jijKwc2my/fwwa0e5VG3gc4ubyGuwfIMKrEZjrCi3sEz/Zxd8FudCARWJ2SX/xABDW8uIcIaihbYiYjbDZDBrWHAc5o/G6/arbZbK1Zhg1kLXoYYMIIMx7gP3mxzOQOIKRChhE2m1OMB7h7P7SWQf5099w6h778hRkPoCyrcPXlb4rxgCLuYZrx940AW4+Obw9e35hmB6tTzHSESYaUswQrJNnzl8z3X50h5elK8+A2isIcqey2XY3X7Cy38V33w/32v+lH5ErfUbGDAAAAAElFTkSuQmCC"
https://devhints.io/postgresql-json,PostgreSQL JSON cheatsheet,"The one-page guide to PostgreSQL JSON: usage, examples, links, snippets, and more.",1650013562,"data:image/png;base64,iVBORw0KGgoAAAANSUhEUgAAABAAAAAQCAIAAACQkWg2AAAB7ElEQVQ4jTVSu4pVURTL2ufcOXMdRvGFhSAWgp0gFoIWgmJhq7/hN/gjFv6EIlgLFmJhIQgi2IkwguPj3r32WiuxuFonIQmJPXv8QTBJAkBRJgiGIklIkkBBEAVRcyYK/A8IQAZ7r2XdZCaKAiUBJUiae+aOKknWwuvgzHT1+slP7397Z5vEkmQSCVBqXuxJDzq16TmdsFsPz5+5tLr96GxketKTntGrPOlRzQc9qidH8NfvOH957/s3f/rk87y05VQ7Ph6jqoc85FGenHvWLg5gHuWjZLp68/DH97hy/WBa48vH7d6+VYGgiNmToiTI1JM9OC3txr1zfVvnLu4fHY0/259YTZmAVNLsUQREmaFnZbHIzbYmg3d6L0/NoSpRojB7liQS1uCjolglSSGsoCh51BRWJEsAZo9/I6DBgyNJcQQBkTaKfdSUViVyJ0hJpGCGHkzRo/ZPNDP4KFI9a5XINEn812FnYRhVm02NoaNvm3mx9bptR42kR8ukAJLNs0bWyOqjpsXevf2xt7S9tcXg6bPLm9dH89K2PT3Lo0bS7t94uduBAoDIag13H1yY5/bqxdc/W86TkSRMFAG7c+05JUISRAgq6edxkDo4XFlDUaIIibYrXbs/EoBEScL6cJIQSaYgAwAzCDD7C+WPD+374FeFAAAAAElFTkSuQmCC"
https://github.com/likecoin/likecoin-chain-tx-indexer,GitHub - likecoin/likecoin-chain-tx-indexer: Transaction indexer for LikeCoin chain,Transaction indexer for LikeCoin chain. Contribute to likecoin/likecoin-chain-tx-indexer development by creating an account on GitHub.,1650014541,"data:image/png;base64,iVBORw0KGgoAAAANSUhEUgAAABAAAAAQCAYAAAAf8/9hAAABcUlEQVQ4jY3TvWpVURAF4LXvvUmuIkEsLLQKgiAW/qAkNvoUFraCDxMlqEUCghZaiyKCjU3wBewEBTUpFEvBGJEkfjZz8HAw4sCG2XvNmv+dJEFLCS7hAT5gGz9Kv4/F7CeYwUoROvlVp5NtLGPUJ44wh+f+Xx5XwFHn5E4BL3EN69jCBj6W/qqwF2W73JGX8BO7WK23CY5jWucYZgu7XbbfcW6S5EaS2apoF+Mke621T70WfUYrbDfJOMnBJNeDd9WobZzs9aU/mdbdsYBvxXmdqg82MbPvmP44G+NtOfg6StKSSHIoyYF+5L+QW5JpkvniTUZJNgs/kmSxtaaaOCxh0lqTZCnJ0Qq6EdyrdLaqjFP/yOA03mCvyl4LztflLp6U/hRnBsSHvX7t1OjPdgZrBVzArVqohZ6DE4N1hpXhKq/jPa7i4iD1Kb70nDwrzmho9KhndLiHzVefdrDabeVwPJ1+GTcx7b3N1S+8MuT8Bs9NR9kw0z0NAAAAAElFTkSuQmCC"
https://blog.jeremylikness.com/blog/build-a-spa-site-with-vanillajs/,Build a Single Page Application (SPA) Site With Vanilla.js,"Modern JavaScript has all of the capabilities and features necessary to build a complete Single Page Application (SPA) experience without relying on a framework. Learn how to use the latest language features like modules and web components to handle templates, animation, routing and databinding.",1650700010,"data:image/png;base64,iVBORw0KGgoAAAANSUhEUgAAABAAAAAQCAIAAACQkWg2AAACrklEQVQ4jV2OW29MURiGv7X2eXb3TGcYY0p1mqGo6EFVUlGiaIQ0ERE/wQ9w6bI3LiVuJERCiERIJJJeEMSNkCBUKIbWrnamesDM7LVn9mGt9blyiOf6ed68RAgRCzlx6/q2tUZ7Wz6KY0IIIQQAAABRAhBNVd6WZny7fd/IIUopff70iRV9LxY2hFH0rw0AAAQRYy66ix3l9y88z6MIgEF1U6EtjGJKKQAg4l+dEEIIIhKq7Orp8pmnRrFwLD3banIhEOHP+n+ZRNlimb5Xp4TSTDoNEoUQUgr8zb/HEBGAoMR6raYijzQKpm7opo0oORecCyG4EJJSQilFBCCgEKLreja9Rhk9sP/Ns8eWqV2+dmN6xmVejfPItCzL0IWQzaDJ4yAKgyAMNV0PjQz5NDV57ux40rGTCa28vMzDcGXp297dQ8fHjs7Mfr1w6RKPuUBcn88dHBm99/ITCYPm+JnTY8M7ero3P5p8W2PxwZ095y9efVP6sr2rc6C3+9z1O6dOjI0O9Vy5PcG1VlLz/MnHd03JioUNpqoqCm0EYcmdz63OPJucOnlkpLK0nE4lbdO8OfGwY8cBlTG2UCnvG9jy2Z2PhQAERSFtuayTsMIw/jjtppPOz2q90lzym3F/X69q6LqRsFelHNMw6swnAJqmWaYOALt6t6ZaEnXGYi7zuUyxsM5vNGkmneroLC6tfKdUyefW2E7y1dTH2fIia3J3fqGyUi12dm4stFOAZS/WTUslhATUnp77PNifffDgfnXRtbFeqqR+RHpW9ecq2uyHV4NDewGlk11vWyZFKfsGBo1MG/OY/3NhVUrVMu21EMKgUfYVqRmtVuT7rPR10bBTiKhKRFPXnPwm1329Z3i4yppWKt94/Y6yhmUl+rdvDGuu0+LMfWHHDvdRSn8B209kJgsevu0AAAAASUVORK5CYII="
https://github.com/likecoin/app-like-co,GitHub - likecoin/app-like-co: ISCN App app.like.co,ISCN App app.like.co. Contribute to likecoin/app-like-co development by creating an account on GitHub.,1651216826,"data:image/png;base64,iVBORw0KGgoAAAANSUhEUgAAABAAAAAQCAYAAAAf8/9hAAABcUlEQVQ4jY3TvWpVURAF4LXvvUmuIkEsLLQKgiAW/qAkNvoUFraCDxMlqEUCghZaiyKCjU3wBewEBTUpFEvBGJEkfjZz8HAw4sCG2XvNmv+dJEFLCS7hAT5gGz9Kv4/F7CeYwUoROvlVp5NtLGPUJ44wh+f+Xx5XwFHn5E4BL3EN69jCBj6W/qqwF2W73JGX8BO7WK23CY5jWucYZgu7XbbfcW6S5EaS2apoF+Mke621T70WfUYrbDfJOMnBJNeDd9WobZzs9aU/mdbdsYBvxXmdqg82MbPvmP44G+NtOfg6StKSSHIoyYF+5L+QW5JpkvniTUZJNgs/kmSxtaaaOCxh0lqTZCnJ0Qq6EdyrdLaqjFP/yOA03mCvyl4LztflLp6U/hRnBsSHvX7t1OjPdgZrBVzArVqohZ6DE4N1hpXhKq/jPa7i4iD1Kb70nDwrzmho9KhndLiHzVefdrDabeVwPJ1+GTcx7b3N1S+8MuT8Bs9NR9kw0z0NAAAAAElFTkSuQmCC"
https://github.com/leafOfTree/vim-vue-plugin,GitHub - leafOfTree/vim-vue-plugin: Vim syntax and indent plugin for .vue files,Vim syntax and indent plugin for .vue files. Contribute to leafOfTree/vim-vue-plugin development by creating an account on GitHub.,1655521336,"data:image/png;base64,iVBORw0KGgoAAAANSUhEUgAAABAAAAAQCAYAAAAf8/9hAAABcUlEQVQ4jY3TvWpVURAF4LXvvUmuIkEsLLQKgiAW/qAkNvoUFraCDxMlqEUCghZaiyKCjU3wBewEBTUpFEvBGJEkfjZz8HAw4sCG2XvNmv+dJEFLCS7hAT5gGz9Kv4/F7CeYwUoROvlVp5NtLGPUJ44wh+f+Xx5XwFHn5E4BL3EN69jCBj6W/qqwF2W73JGX8BO7WK23CY5jWucYZgu7XbbfcW6S5EaS2apoF+Mke621T70WfUYrbDfJOMnBJNeDd9WobZzs9aU/mdbdsYBvxXmdqg82MbPvmP44G+NtOfg6StKSSHIoyYF+5L+QW5JpkvniTUZJNgs/kmSxtaaaOCxh0lqTZCnJ0Qq6EdyrdLaqjFP/yOA03mCvyl4LztflLp6U/hRnBsSHvX7t1OjPdgZrBVzArVqohZ6DE4N1hpXhKq/jPa7i4iD1Kb70nDwrzmho9KhndLiHzVefdrDabeVwPJ1+GTcx7b3N1S+8MuT8Bs9NR9kw0z0NAAAAAElFTkSuQmCC"
https://github.com/lancatlin/iscn-rss-issuer,GitHub - lancatlin/iscn-rss-issuer,Contribute to lancatlin/iscn-rss-issuer development by creating an account on GitHub.,1655521561,"data:image/png;base64,iVBORw0KGgoAAAANSUhEUgAAABAAAAAQCAYAAAAf8/9hAAABcUlEQVQ4jY3TvWpVURAF4LXvvUmuIkEsLLQKgiAW/qAkNvoUFraCDxMlqEUCghZaiyKCjU3wBewEBTUpFEvBGJEkfjZz8HAw4sCG2XvNmv+dJEFLCS7hAT5gGz9Kv4/F7CeYwUoROvlVp5NtLGPUJ44wh+f+Xx5XwFHn5E4BL3EN69jCBj6W/qqwF2W73JGX8BO7WK23CY5jWucYZgu7XbbfcW6S5EaS2apoF+Mke621T70WfUYrbDfJOMnBJNeDd9WobZzs9aU/mdbdsYBvxXmdqg82MbPvmP44G+NtOfg6StKSSHIoyYF+5L+QW5JpkvniTUZJNgs/kmSxtaaaOCxh0lqTZCnJ0Qq6EdyrdLaqjFP/yOA03mCvyl4LztflLp6U/hRnBsSHvX7t1OjPdgZrBVzArVqohZ6DE4N1hpXhKq/jPa7i4iD1Kb70nDwrzmho9KhndLiHzVefdrDabeVwPJ1+GTcx7b3N1S+8MuT8Bs9NR9kw0z0NAAAAAElFTkSuQmCC"
https://www.shibuya.xyz/,Shibuya,"Welcome to Shibuya, a platform for high potential short films. We provide creators with a full-stack solution to fund films and shorts, build community, and foster an engaged fanbase. Fans can fund their favorite films, participate in the creative process, and join communities for the films they love most.",1655882321,"data:image/png;base64,iVBORw0KGgoAAAANSUhEUgAAABAAAAAQCAYAAAAf8/9hAAAB7ElEQVQ4jYWSMWtVQRSEv7N7zo0kIT5BRBtRRFAhVv6AgAhaaBpBSGMtYqN9qlSiWNlZaRA1lSAGITwkv0FthAQLUUuJMfjuu3cs3JdcnoILCwO7M2dnZuE/S3BYOT+U+x1V1aYiHnfPXTnPk9IRoAXsD4eE2RaDwVNgkpTO0bb7gGOYTSjiBgBt+9kxmwXOAMMiYIAjfQVeAIY0ABqgRQrM5mjbhNl7B6Ywm6Fta8BJ6QeSAT2DWvAN+IXZVhH5aIPBtZEFE5wgYoa6TlTVDk0zC0zTNH3gAO7XMVsAvmA2i/QT6S4pGdKGjQV2lIg1oEddXwB65HyVlFRs1ZhB2zopZaRNBF7IpxTxSREq+51yXpD7/b+aiXiklG52J59UxIaqSoqoFbGtnOcF++W+LveVcm9aEeuKkKpKcr+XBGeJeIXZcaQhUk3bLljTvDT4znB4HjikiGdlXhp/Tr9MHsh9RznPl2lZnctyX1XOlwtnTe5Lo+efVsQHuTfK+UqHbAX3FHGr4INyv92xbnsZuM8VnDrkabm/LqEuC6bk3lfE812BXZVC7uDJDnlbVSXlfKlYeKuI5W4LNiIXnFVVq4W8UxJfHOUiyHJ/o4gn4xXvCbov7f4J98Vx34IJuV/8p0CnoQejj6Tx+sr6DZwh8WEQZI2WAAAAAElFTkSuQmCC"
https://daodao.zone/dao/juno1vntnqevwk47escuxrfrdk99070vs0gczyyx0wa2pp08j25n0ee6qryqhzk,DAO DAO,Create and deploy IBC-native Interchain DAOs.,1655997788,"data:image/png;base64,iVBORw0KGgoAAAANSUhEUgAAABAAAAAQCAYAAAAf8/9hAAACS0lEQVQ4jXWTsUsjURDGv3m7irghghZyqbQQISCoWEQv1YGNra3t/TF2pj6EiwYbGxHSHlhELZQoIkawWosjIEGUkNV9b74r3JdLPG5gYN/u/Ibvm7cj+AgBQACo1WpfFxYWvk9OTn4bGxv7AgBJkvzudDq/bm5ufmxtbTU+Mz6iy8vLnU6n0+N/4vn5uXd1dVUBEPUpkgIg12q16gO1qbVWSSpJVVUlmfqP9/f39WKxmMtY4OHhYYckn56e3trttvOFGeifqaqO5DtJXlxcVAAA19fXpUajkWxubtpCoeAKhQI3Njb0/PxcSdI5R6/EWss0TR1J9/r6mtRqtRK2t7d/zszMEEAKQLPkxMQET09PP/ykKQfEkKQjyWazWcXU1FScQW5lZUXX1tZojCEArq+v01rrVfDo6IgHBweaWdE4jmMYY95FhIuLi9rtdpmmKcvlMkWE09PTfHx8JEmenJwwuzYeHh6qqrLdbr8bY4yQBDl0pSCJbreLl5cXqCqiKEI+n8fo6Cjy+TxIwlorEJG+heXlZS2VSgRAESEA7u3t0Q+z2Wzy7OxM/QyOj49jBEFQzaQNDdE3mJubYxzH//xUt7e3XFpaqiIMw1UACQBrjHHZAPuNAHB+fl739/e11Wrx7u7O7e7u2tnZ2QTAKgAgDMNKVvwGwHkQgIpIv1EURW58fPwtO1dIGr8UORGpe+iTHRURFRH/jmEY1ovFYi5j/y5TpqQ3oGAoRaQ3MjIyvEwDq+ntlIMgqIpIbIxJs4yDIKiGYVj+zPwBD/Pu4wj/hc8AAAAASUVORK5CYII="
https://www.atlassian.com/git/tutorials/merging-vs-rebasing,Merging vs. Rebasing | Atlassian Git Tutorial,Compare git rebase with the related git merge command and identify all of the potential opportunities to incorporate rebasing into the typical Git workflow,1656385069,"data:image/png;base64,iVBORw0KGgoAAAANSUhEUgAAABAAAAAQCAYAAAAf8/9hAAABy0lEQVQ4jbWSz2pTURCHv5lz7j03uWnaxLpQJFBbqVafQZeCrguiuyxEKvjvAcrFjRuhKx9BBB+gG5/AreJKqhsLFS2KRBvSe8+4SEK0iSCCsxxmvvn4MfB/ygTgzEO7tVJYd9TTWZPyJ0S7sOai470ZvYMvnP2wRR/Ejs5NU9fNAbSUKyht9XTyNteHy9MW04DzGIAKF8VhFokmPDh50+rAXxgUACaidACspFTPWuPUbIsZwUgEMYRgNmpEDOX+LItfAMPkufamy9WXl1XZEQciYAMq8azVxxbFxOJ3gxtvm6lPHkuePzno9T9LRKKhCGIR07FFMbEYAUxBrJnXuiFvttIsO72/92mJyJ44FFAbUM3KYmxgrfWd+TQLd7wzy/I5ypLFKlbbLkUwKuRoFhJHgOH1bPlEN8y1l7yXMvGOkOm5H197T63kOzKxmGQBFKYKEo9vWCNk6W2nsUyzmrnExRBCe3f34ysizzVDMAaAUVGKcJfCUgqJCrDQ4V79mFtOM+9Do5nWWgsuqeXfeLa6f2hsWYloIEhKYuCTOS6seDYAPIAouZW8UM+hOszEMrNkG7B3m/J69ZFtolwi0gfEShJ1zE//0D/UT+f6rZNsYHpUAAAAAElFTkSuQmCC"
https://v1.cosmos.network/rpc/v0.42.6,Cosmos Network - Internet of Blockchains,"The interoperable, scalable blockchain network. Built for developers.",1656386525,"data:image/png;base64,iVBORw0KGgoAAAANSUhEUgAAABAAAAAQCAYAAAAf8/9hAAACGElEQVQ4jW1TPWsVURA9s7uP5UU2mldYSQQVBAsLwSZVRINoY5FCEUtBGysh+A/8Af4AK1GjacQgJJGUqQIBK7VS0CCbD0zcvffu3jvH4u0mLy9vYJp758wczpwRjAiSAiAGwOZJAAQAEBHmObPxcb5W1TejwNGopgP/mbW6SJLW6qIMTxYRbm+XZ7IsvS0SXeq/6zfvow/dLvacCwtpGt9wLnxK0/j+MG0URXjkveYcCmvDprVho5m8TDI7BrY2PCFJ77lvTHhWFNUV53jZmPp5VSlJ0jndIHniANeCjTGTda2F9/q3LOupw+aribU6T5JVRTqnWyTPDzaIm+lPSbIsw4tWTJInrfXLDe33zoWXfRZhrqmJo3ZVJC4CoAjXScruLjLn+LYvGD+vrck9VS4DoCoutASPrSyKYgcgGhvjQprKTefCUlnK7PQ0QhwjPVaPvkkggu8ARFVvGcP5NJXrdc0VY/bvTkxgT0QYgkwBEBF8afCHIpI8a0z4U9ds1X43aCpj6mvea1lV+m9nh5OtiMkAm60okt9JgtMhACHwhzH+alnWiUg00+nIXBxL1zl93OtFP1vTAQDynFlV6VKj9rq14dewkULgZlH4h4O+AYCE5Cnn+KrTkRnnuFIUMtvrSbeucUdEz6kCqvzqffwxy5L8yOT+/v3BYRyx54gYeWjO+QfO6cc874NJSpNJm6urTAZpD8Z/iXrbYk/k+NoAAAAASUVORK5CYII="
https://meet.google.com/wvc-vmim-eov,Meet,"Real-time meetings by Google. Using your browser, share your video, desktop, and presentations with teammates and customers.",1656401898,"data:image/png;base64,iVBORw0KGgoAAAANSUhEUgAAABAAAAAQCAYAAAAf8/9hAAACq0lEQVQ4jYWTsYucZRDGfzPv++1+m6y5W+8ILp4gR0BQghDiEYOFFkGSi9rkFhQVg4KFKWysAiFFBPEfsNHTxibbKSSIjdqkUKvEiEa5E0+OzeZCdnOX/b793vcdi91gSGGeYZqZgWeGeR64BwbCA3D/jNzbELBrF6jvm0U3NmBh2tsAFhoIP1PIWRIA51ccnW4SgPPgOhB7R55+fe7da2dtbpRL0IQgBoiZIeIN29yJ6cTsi6zdJfaAdCCuPX/4rZqLn1lUFQFEEJmsqA7MQHZpe2YrHQDWnu2+8uatwn3rDZRDc28Eu7ValTF5X8EugWp6FBB2LEXU6qPoerXZmce/PLYqTTuZx+JVf+r975YeK/7+1AsSsLg8+uTjJ7cv9avgJZOUEuQRPVOvx8Zfg9rwvcGB0w83bbG6PY4A8ty54qXS178yATHsxx9Y4oL8BNMKYN8w/n6n5d+5shjskXaab+U+WNKU7DVfi2XIrUyAAvH44aF+/QH+4uVj7uh+Ipdpfd7be/30+uKjo8rcggQfk5iICBg+4rEJEQC3U8Okv2LcfMroN+3ovu3y6h8pBhtYromIGtydd3hVRJ2KIIDJnfW5kjPdCN0IcBGGS90Te7Ybyo1/bkbMTARnYI6I3xoOkjizydNS1Ge+OH7wyMsHQ6ypSEwqkseQ6s1WU9TpjqiOtObasaxCUjG/2e+DTwZqokHaT6x/6HNPFhURBSAWIYUqpsae3btTDOdCUS3XWo0Xyq0iU3Uu81nunMvEuSwjeVIZSGWc5DiCyiRqkpnZbz3dXK6GxapR/umLcbzScOlXNFvA4lh0XII0ESYqThMti4rGO6EX4feNzqXRBrz9n5lWfqnNP7S3Lvl1ax/6yMqZgXLjPhvOgyvr5dVOdzx1n0xJHmzh/8O/OedJAuoi32UAAAAASUVORK5CYII="
https://garticphone.com/,Gartic Phone - The Telephone Game,The online Telephone Game! Play the popular game for free now,1656576055,"data:image/png;base64,iVBORw0KGgoAAAANSUhEUgAAABAAAAAQCAYAAAAf8/9hAAADDUlEQVQ4jY2TW2hUVxSG/7X3OXtO5npydcZabwmNVGsDuUEeSpRaLwiCVmmV0gpiH1sVixSEQ2kE6aPUtoHSvhSKvhRaigWpCDXRcUAFI6aSOI3SIGnHmUkmnjnn7L36YJKWguAH62Wx+Nd6WB+wgAdPeLhkAUx4JkweLlkePLHYoYXi/46dOzem7nwaudH8XCrWBjQ0xyqDO1Hpeb8n/F8iLW073TPWVy3Nbo7qsjcKwpetBOekhOPPabDheSnUtJL2ODlRvrmp8dejhc48AJC3Op9lJb72a3qr25qQTStt5DY6KN4ow8lIrN/SiFrJoPwgRGkiRKkYoPr3Ex1Lil9qun7QCm1zLKnSOzYfT0av7mwJM1nbBgRmJlrM+Y/ukUpJDLy3fOFSRmmqHt76cYaunq3tiEz4AR3PjRZees3tOvR9pwQI176b5sL5R2hwLfIrmh+O1bCyK0kmYu7e04b+AzkCGMNvjuvJq+WCxZozsbQggDAz8cRcOP0HbTuxitxsjMPAkN0gACauPqrTT0NFfmFjyqx4JSkcV5DRSMvBtsO7qK7ajQz0z0NF0TnYiC1HVlF52qfLw3+ieL2KjoEMbdjeimAuwuWzD4mk0L9f8GXdD/LkrcsPcGR/Mzs7204SdOK3bmImfLapQLtPdcBoxg8nJ3DsYjenWm2c6r/OtZJBpjExGcnoXeHd7RshN3pHOcps2NpELWvi9PiBz8G8RiankMkqBDWNynTAcdem/gPLTMKJCzsefDJ0t29EAEyirrtEFLPXb2/WRoNX96ap760cf7n3Ng+/Pcb9+3O8pjdNRjP37suyk7I59O03ACYLIA6jUdeSgt3lDgsJUnGJ/Wc68fqHLwIA2trjS6/XstYRTkqg+he7ALEFADBGkSS+P1oJWQMmZIZ4GgQApanHAIOFRaiV6yYIIhuSFABYAMDGuqkaLDHyRSV+5fPykiZsnipC4l9dDBukEy5ClG4sygQA+LhjdJ+y1YBGyAxDQgDAonQGBgAZwYKEYG1PTo2Xv/oWm/xnm/uc/ANqY1Q0KPiMKgAAAABJRU5ErkJggg=="
https://statuscake.com/,"StatusCake - Uptime monitoring, Page speed monitoring, and more","Website Monitoring solution that drives revenue & keeps you online. Track your uptime, page speed, domain, server, & SSL certificates.",1656579447,"data:image/png;base64,iVBORw0KGgoAAAANSUhEUgAAABAAAAAQCAYAAAAf8/9hAAAB8UlEQVQ4jY2RT0jUURDHPzPv99x1zT+gJiR0KBGKLqXHjIKoUwcPRhcJClKSgg4dMsJNiKBDZ+ngMYqgg2BCnTqkVkKreTKJhDKIWMlN3dz9/aZDuSy5uzbwDvNmvp837zvCf8QV+1DXuFl7o0Zq9tb5XZf7RH5s1YKdxP3rqVa/rsMS6PnAufeAL65XBJxbeXs4DPW+Oj3uJSDATfSJfN8RkDTThczrM2p2LxDXXqUeL0HaqYz927sN0GOT1Qurb/qBmyra6MVTJR4nbiqLn60I6M282h2t6pDBRSAWSMCf40Nx+vSayEZZQE96pj4f5kZE6DaMOvHWHdtjTmP6LWtfaqY/Tpf6bgHgdUNNfYiRibDag77eTvomdQj5ZzNN7u74iHXcfkFb4zgHBlKSlAhAtwAPG7pWqn/lL5jIacmTbFvKfo0yWfiZteD5fFzCqAuVYRJulIax5pIejDYfzQBTax2Dnzbi8bO5fS2tvjZhzH1WVMFYY33zCdWt6bJbAEhYrDOxFu1ndhkwxSkIK0R2i8X4A3ncmasIwOwUQgwngAAsY1znnT0S+qKSJha0h+60QO5Y0dUiyFVJDU2Uemv7BD5/BGj/m6UwBiQ1NFlyUoq2UAixE0AceElIr6SSZcWlAcgSMEbEJZlLzlcSA/wGf52j7C5wAGkAAAAASUVORK5CYII="
https://api.docs.like.co/,LikeCoin API,"LikeCoin API uses OAuth2.0 flow for API authorization, please refer to `Authetication` section before you use any API.

Production endpoint: `https://api.like.co`
Development endpoint: `https://api.rinkeby.like.co`

Please contact `team[at]like.co` for OAuth client id/secret and scope/redirect_uri whitelist.

Endpoints marks with a padlock requires authorization with
```
Authorization Bearer {{access_token}}
```

Please refer to `Authetication` section below to learn how to obtain `access_token` for an user.",1657868349,"data:image/png;base64,iVBORw0KGgoAAAANSUhEUgAAABAAAAAQCAYAAAAf8/9hAAAC4UlEQVQ4jXWSX2jVdRjGP8/39ztu7g+lDttEdJLbWkisBq2LCIMoKLq0izBaMpdhgYTMCIRz00VQrmXEHKhRQXZhZHURRH/opqtlQdhmW63Yn5hTmmc75+yc/b5PF7khUe/953l43/cjgM7+Iy2O8fEYch9dHnl9gf8etfb21tSEhs2ZVW1wUv3hnTcWUwDFbLfR4RArBeCDrt4jty41ZqWJkydX9ubz6Z/TV/chtRAJiCdSsVR2nNvd98IxdRwYaAwq73RQBzFWpFBn3CfzRV1SHix4w0PBOo71HVIX9jyQQ2qWeTlAsQNxWvbdSWTS8rOgS6C9N+ABCOeRm5B/lFgFRsHbDc8k2+7rLlWtCVXi+ZhLHhC0gS8gugW7QD8LtUgEwxKwimjBXBXs0NqFuvv7c0XXDkfzq6R52z3Betdyv6EkNCZ8b7R+k2ILaBFYDmsBhVC/1VaHxNe2t8rscWDAYkbSBeNOw0XJ7YKLwCOGpnT9STHbBWTVpDKRy2o2g7sd42cNycq55XJuo2r1O1nyohS/tdUjNIncvB6QZKHJivMq5MrNbZs+L8zOfjU6MlICDBTv3JcvxE0LJ4jJc8hXLN9m814CQD4ftlwv7ZHUrqT209HBV8pzo6PVmy26cumbbGd311IlJhkKPcBUQygPpXccPNzu6Wv7JXKCOlaXN/yPiZSobZJ4FJxkafLq6PBIMSWGo0FajXgBW5Xa6uq/wbueOlq/Ult5LJpDhkml4djl4cEZAHUceH5blmpjEnVW5pOx02++tgb+o/Ff95vskAi3W34/Z52rKLsncfKgxZdh/Mxbs1pNHcz3aUw/XK/N58PczLU+iEOCSUf2N6j8dmaeFKERuVWOnQHglx23TJWy6y/9dPbE9Brf9sdiq+yDkk6Nbd9yfPzM0HhWqau3/DDQUmhIni40pqfSG21xCso3710T4nJGGKoW48fk8xFgqTErJUUNBTM9PThYAvgb6HJfjO/84iIAAAAASUVORK5CYII="
https://blog.kennycoder.io/2021/09/19/Postgres-Copy-Operation-%E7%B4%B0%E7%AF%80%E6%8E%A2%E8%A8%8E/,Postgres - Copy Operation 細節探討,今天要來介紹的是 Copy Operation in Postgres 的用法，此外也比較與 Insert，Batch Insert 之間的速度比較。之所以想講這個是因為最近在工作上有需要大量 insert record 的需求，那因為是使用 Postgres 的關係，所以開始研究 Copy 的使用方式，並且深入探討了一下 Copy 使用 simple query 及 extended quer,1658131786,
https://account.proton.me/authorize?app=proton-mail&state=bYaM07JyMFnhFYoJv2YcLh205gJRjijyw6O3DhBPLis,Proton,"Our encrypted services let you control who has access to your emails, plans, files, and online activity. Free plans are available.",1658241526,"data:image/png;base64,iVBORw0KGgoAAAANSUhEUgAAABAAAAAQCAYAAAAf8/9hAAABrklEQVQ4jb2RP2gUURCHv5k3b3dvQyCkCUJsFLEyBkxhIzFFMNofCoLlFSqIYMTSTkvBNKay81+RKmp7HPiHqERsRCyCERGOFCIK5nb3WeyuXGJOEMEpH/N98+Y38I8l966HhaC0T12WB38D3poPTfNMy9LNEFRBHIvDnzk3c1WyP4HNZnBze7kmnkvmEI0arCVD0Ehp9fbx8PH9MDoIvngsjO76xiNLmI8ixGLQtXeMqONVPARpyuxwwurz5TC1Hb4wFyZ6ykqAWR+Bj8FHoHnByMunHPz6hXaSQiNld5zQed0OZ2r4/PFwMleeiLAHStgqiamACu5Fh+n9k3QOTHFYjUSE229XwtG7C3zf6HIWkFroI1AD58BEQRWcwptnHOl+YvXEacZU0eU7TGx0ObR9HR+DOnAG5lxpqh8+vGfyxpVfvWM7hWlR2auuT2BWGT34DHq9waf0cTXUwJyVsBl4D3kGRQ5FAXk+QNCfgVVTLQOfl1BRQAiw+WNnyZYMzPPRZ4zXYA0DiEBv8/d16gxEWDfvaRUZi3nB+BaY8jr1pP6fVRmsi9IanNT/qp8lhIWn8Y9tAQAAAABJRU5ErkJggg=="
https://github.com/likecoin/likecoin-api-public,GitHub - likecoin/likecoin-api-public: LikeCoin API Public api.docs.like.co,LikeCoin API Public api.docs.like.co. Contribute to likecoin/likecoin-api-public development by creating an account on GitHub.,1658972976,"data:image/png;base64,iVBORw0KGgoAAAANSUhEUgAAABAAAAAQCAYAAAAf8/9hAAABcUlEQVQ4jY3TvWpVURAF4LXvvUmuIkEsLLQKgiAW/qAkNvoUFraCDxMlqEUCghZaiyKCjU3wBewEBTUpFEvBGJEkfjZz8HAw4sCG2XvNmv+dJEFLCS7hAT5gGz9Kv4/F7CeYwUoROvlVp5NtLGPUJ44wh+f+Xx5XwFHn5E4BL3EN69jCBj6W/qqwF2W73JGX8BO7WK23CY5jWucYZgu7XbbfcW6S5EaS2apoF+Mke621T70WfUYrbDfJOMnBJNeDd9WobZzs9aU/mdbdsYBvxXmdqg82MbPvmP44G+NtOfg6StKSSHIoyYF+5L+QW5JpkvniTUZJNgs/kmSxtaaaOCxh0lqTZCnJ0Qq6EdyrdLaqjFP/yOA03mCvyl4LztflLp6U/hRnBsSHvX7t1OjPdgZrBVzArVqohZ6DE4N1hpXhKq/jPa7i4iD1Kb70nDwrzmho9KhndLiHzVefdrDabeVwPJ1+GTcx7b3N1S+8MuT8Bs9NR9kw0z0NAAAAAElFTkSuQmCC"
https://discordjs.guide/,discord.js Guide,Imagine a guide... that explores the many possibilities for your discord.js bot.,1659514857,"data:image/png;base64,iVBORw0KGgoAAAANSUhEUgAAABAAAAAQCAIAAACQkWg2AAACMUlEQVQ4jZWSz08TQRTHv29mt91d2iraNiQgJQqCgoRUQgweTfAi4Wwixh/x4sHERC/9KzyamHgyhsST0YPBH5FwMdYDgoSDCSCRtCmolGq7nd2d52FqL3rxXeb7nXnvzUzeh1wvi/8Ji5mNIgKAP+7fQUQWETEzEQkhADAzaw0iEEEzyHRimEbMlskOgjAMfICFsB3Pi4JAB1o6NpijepOkEHEbzEQk7VgiDINM+tD4+NjxwQENVMoltzPlHulUlRoEpUZ7pGur7z9JCgDScVJ+ozozc2Fu7tGpkeFC4e7udmUNO0M3p8pvV4cK04cn+zPnTgop9la2ZMyWdiwRqHo+f3pk5MTExBkVRoW7dx6/fi6yCd1UXVOjxav3d+bXwn1f1xUECfN7AL7fVKrxcXmZiKSQIm7VVkthzR+7d/ngWO+vzV1IAZCMx5NK1fP5/OzsRYCvX7vx6uWb4uaqM9i1/aT4bfFzPJvMXTkbSyd+vFsXlpSW3RFF2nHdVCqZ6zv2dP7F0c6uqCe13qj4K2URs0oL7xtfan2XJkvPlqCZHDcDUBCoKKwDQe+t6e7+XpHxNh4uBvuNgdvnq5++duTSe8WN9QcLlhcn18u2BielDiM75STHc6q8X13agiCvL31guLtRqu592BC2JCHMDe3RQ4daK0WQ0rOZoZsh65AgpBtrpbThY2YySAkCg7UGQIJABG5BxsyWWQxYrRrdsgBMpdHm5Vb7zHj+C9f2phG/AQSHA1ne8aPjAAAAAElFTkSuQmCC"
https://stag.depub.space/,depub.space,Decentralize your media. Own your content.,1659603624,"data:image/png;base64,iVBORw0KGgoAAAANSUhEUgAAABAAAAAQCAYAAAAf8/9hAAACIUlEQVQ4ja2TzUuUURTGf+fe+86YjJgZkbQKIpAxjQr82NjHLoKgYjaVQhFC7WwVbd5di3YtWoUWuTKYvyCyVYsgISjRjAQDK0KnlOyd9+OeFqOjQkVFz+5czvlxec5zAEBV+C9SFTQ0fzPimLrXgQbbselLRFYArcHGLZQ8slb/CuBS06rWnzWZvahTo29RfZE+mn+KlLIaCPkpZO1dmL2TJ25qdyIDBnpwtld9NonXh4maMsXB+foA4wamFAn9OmfDvOn754NUexE5KoZ2aWwwulpd1syXkyi+xpGh1XrvxGgDzX4Hhy4vSN286dFeh+mXTDvFmH2KP2Cszav3xOhegMDrMVR7xLmTmmZPkmzxqqv9QxR4lk6OzOYa5bp63QkSqFfUUyFN08AFt0xL4QII/svKEsJdZp5Hdosxp09k2pQvGjAgVaBJhJwRaREr54higzFClNxIOi6VKZZkM0AY6/b6sfDBGQfgRLRNnGsjFxwm9XnygRAl75LMDrG7KyMM/ebQ1NztujIXFwfHPP4xgdulXlOtJhGqkThrUs9tuga+bd3C9INOm2bFLGc/oyw7748bsTdxtoB6CBxS2IZ+qryJv1YO0jccrQduzcRoQSR3JsjoF/SUtDbv0cVlNM6WUN5LnMxoks7FZGX6hr9vXv9GDl6PdAdGSuKlCvpKldkkiOfY31Kpp/KfpQgToSP8k0ObCB06btHQ1OL7e/0Ab6T32jtF5cIAAAAASUVORK5CYII="
https://v1.cosmos.network/rpc/v0.41.4,Cosmos Network - Internet of Blockchains,"The interoperable, scalable blockchain network. Built for developers.",1660715078,"data:image/png;base64,iVBORw0KGgoAAAANSUhEUgAAABAAAAAQCAYAAAAf8/9hAAACGElEQVQ4jW1TPWsVURA9s7uP5UU2mldYSQQVBAsLwSZVRINoY5FCEUtBGysh+A/8Af4AK1GjacQgJJGUqQIBK7VS0CCbD0zcvffu3jvH4u0mLy9vYJp758wczpwRjAiSAiAGwOZJAAQAEBHmObPxcb5W1TejwNGopgP/mbW6SJLW6qIMTxYRbm+XZ7IsvS0SXeq/6zfvow/dLvacCwtpGt9wLnxK0/j+MG0URXjkveYcCmvDprVho5m8TDI7BrY2PCFJ77lvTHhWFNUV53jZmPp5VSlJ0jndIHniANeCjTGTda2F9/q3LOupw+aribU6T5JVRTqnWyTPDzaIm+lPSbIsw4tWTJInrfXLDe33zoWXfRZhrqmJo3ZVJC4CoAjXScruLjLn+LYvGD+vrck9VS4DoCoutASPrSyKYgcgGhvjQprKTefCUlnK7PQ0QhwjPVaPvkkggu8ARFVvGcP5NJXrdc0VY/bvTkxgT0QYgkwBEBF8afCHIpI8a0z4U9ds1X43aCpj6mvea1lV+m9nh5OtiMkAm60okt9JgtMhACHwhzH+alnWiUg00+nIXBxL1zl93OtFP1vTAQDynFlV6VKj9rq14dewkULgZlH4h4O+AYCE5Cnn+KrTkRnnuFIUMtvrSbeucUdEz6kCqvzqffwxy5L8yOT+/v3BYRyx54gYeWjO+QfO6cc874NJSpNJm6urTAZpD8Z/iXrbYk/k+NoAAAAASUVORK5CYII="
https://meet.jit.si/g0vhala,Jitsi Meet,Join a WebRTC video conference powered by the Jitsi Videobridge,1660915152,"data:image/png;base64,iVBORw0KGgoAAAANSUhEUgAAABAAAAAQCAYAAAAf8/9hAAACDklEQVQ4jX2SwUtUYRTFf+c5D2dSRuG1iREtSMQZkKEBbUbI2RRBQdtatql/oaUQ1NJF9BeE7SModypILwaiYRYVBEo1E2FNjJTEqO+7LXpPZgw9qw/uOeeee/gGOBkCvLm5udzExMTW2NhYutlsrgMeYMSPk2CA8zzvhqQNSRdmZ2cDwCWE1Enbp6amhoMgWJS0EEXRkud5t4As0E5IxyXwAQuC4DZwxczWJZ0GglqtttVLPM5gv1QqnQIuSXoPjJvZLtCuVCpP8vn88HEGApifn784ODj4EvgFtCRNxgleA4VsNnsz5g/818HMzMwQcB/4Leky8M059zmVSj2MougF8FXSGYBqtaqjCazRaOzZPwwBr4BVSWnn3Bvgp5ntAPsAa2tr1pegVCqNpNPpe2Y2LWkDOGtmAhpmdh54Blw3s6RISxIIwPf9B8Ak8NTMfkRRtAIUJN0FPklakHRue3t7Jda5xMCKxeKopLxzruuc+yhpz/f9Rd/3p83sg5l5ZlY1s6XNzc2dZOnhCZJ8SSlgxPO8gpkVzOz5wcHBHjAsaRy4E4ZhGIutz6Db7f7JZDK7ZrYOXAPeOedyknbNbDUMw8cx1aPnKx8GACiXy48qlcqXcrl8FaBYLI4msx5xH/pKdM4tSxp1zr0FVK/XO3HUgaS0owbJwABarVYzl8t973Q69Xa73e3h2VFhgr8j79O5QfFcfQAAAABJRU5ErkJggg=="
https://stackoverflow.com/questions/65114050/discord-js-reply-to-message-actual-reply-with-reply-decoration,discord.js | Reply to Message (Actual Reply with Reply Decoration),"Recently, Discord added new functionality that when a user replies to a message, it quotes it and adds a little line that the replier's profile picture with the original sender's profile picture and ",1661149890,"data:image/png;base64,iVBORw0KGgoAAAANSUhEUgAAABAAAAAQCAYAAAAf8/9hAAABXklEQVQ4jbWQsUsCYRjGn/fuSu/Sk3ALmlzNtoagKRqSaHMKGkKhEOV0KWispSXPQaglAnNobOgfaCyIcgicmxO9zFPv/N5WwTs5gt7x+5739/2eDwgw/bK67HcnBQG4Ag3L0LJ/BoBFDuDzTiGUCAywDC3bNbRtANCrwxaBziRZanAGcjADwR8AX1uGesEZyFGzXwO43VsKn07GaJa5lY/GMefUAYooEvaELDnCEW9M2I1V7GdPg04hlLAM7dYqqut67ftLNwdpMB5dgRfXdVMgHIFpx9egfbwYk0eDA2LKAWJMkK6cUOhOGdkpZmoQiy29OmwFq1AKb5CgQyakAXqQJKpELn/eJzPK1JKhPhHjk4EmMzUVmU/coVLkeXff672pk155YXUsxikCJQFeYVCSgCiAV920N311b+r37FslH413S+qaV86rggfIBbG38RRAN+2ZHzsTMKvGv80vvziHGAusG84AAAAASUVORK5CYII="
https://github.com/preservim/nerdtree,GitHub - preservim/nerdtree: A tree explorer plugin for vim.,A tree explorer plugin for vim. Contribute to preservim/nerdtree development by creating an account on GitHub.,1650617345,"data:image/png;base64,iVBORw0KGgoAAAANSUhEUgAAABAAAAAQCAYAAAAf8/9hAAABcUlEQVQ4jY3TvWpVURAF4LXvvUmuIkEsLLQKgiAW/qAkNvoUFraCDxMlqEUCghZaiyKCjU3wBewEBTUpFEvBGJEkfjZz8HAw4sCG2XvNmv+dJEFLCS7hAT5gGz9Kv4/F7CeYwUoROvlVp5NtLGPUJ44wh+f+Xx5XwFHn5E4BL3EN69jCBj6W/qqwF2W73JGX8BO7WK23CY5jWucYZgu7XbbfcW6S5EaS2apoF+Mke621T70WfUYrbDfJOMnBJNeDd9WobZzs9aU/mdbdsYBvxXmdqg82MbPvmP44G+NtOfg6StKSSHIoyYF+5L+QW5JpkvniTUZJNgs/kmSxtaaaOCxh0lqTZCnJ0Qq6EdyrdLaqjFP/yOA03mCvyl4LztflLp6U/hRnBsSHvX7t1OjPdgZrBVzArVqohZ6DE4N1hpXhKq/jPa7i4iD1Kb70nDwrzmho9KhndLiHzVefdrDabeVwPJ1+GTcx7b3N1S+8MuT8Bs9NR9kw0z0NAAAAAElFTkSuQmCC"
https://blog.confirm.ch/mastering-vim-working-with-multiple-files/,Mastering Vim: Working with multiple files – confirm blog,Another blog post about mastering Vim. In this post we show Vim features which can be used to open and edit multiple files at the same time.,1650619602,"data:image/png;base64,iVBORw0KGgoAAAANSUhEUgAAABAAAAAQCAYAAAAf8/9hAAADDklEQVQ4jVWTS2hdZRzEf/Od7zyS5t5gUxtjqiYh0RrtQ/AVJaUGkSIUBOmqoC6UFm3BqN2XbnxRELMpVLFYXIigoBYFFRVTsASpBUm4Pmi1tkpDmotpc+/JOef7u4iIzmIW89sMDCOAv15wB2JFe9ql1RFmhiT+JzOQMIDUqWVOx159OT+k5qQ70JG4V66s/EMB/Wv8NwEzTA6sou5K2ku8pMVJ/zuir6hkCCdhmGSwWkMOq0qoChTHFtqFFKch7tso37W+7Q0SC5KE5CIMyayUJLMix3JQFuN6BlTNnyMbf4rO8WdcdP2oUVWpl8xMEsFCaLUJJc5lsYVQyK0bZM22/fjBMeINW2xx6mHF/ZuD37DFWVlAmZuXhAUwk+LRh0humbB4eLvap45TLpync2KSAGAovXXC8jMn1LFtH/hY5rsjH0yiKqDzWupPvofL6jIglSM/uotquYk6upFEsnWXWtNvWnnhe6sWzlPMfVp5maEoxpYuU/72HX7ofpAnHrgLZd0UP31DctuDtOe+JD/9LmHxV5qHx3Ddg/jeETwCcx7LWxRnT5Lc/ADV8iLFuRmsvcjSO0+gpA5B+IE7iNbeRDw8Rv3x4wTz3psZChXKItrTR1j5cZrqYgO8X51fjtruN4iH7sGlXbS+nrLW6RPO5NHVhco5JzMLKPZUly8Q1ddZ7bGjrD34A/W9H6K0Rjx0N8RrsKqweHi7wvysUeZGV0/kKzOEwwkLONL79rh0ZJxQlfi+UeS7yOe+oGPrI0As33+7OZ9y9f3ncFmt8DIpmJnJyYpAMfuRJSPjIvI4IB4Zs5WZt/FZjXzuE4rGSar5n2lPn7Vk4w55oVYko7RQKcEVja8IS5coL85SND4jP/MBoTlP8csMcf8my8Z2q7pxcyj/mFPt6Y9LLT7r9meJez0vRWUgC9C5HuIa0XWj+N4B8m/fonvf57gb7lz91JVLVEcmYMehg/6a18JU83nyxLu9KyHqseUipPfujLKdL4qsTnA+Co2TRflnQ0nvKFa0hNTM055jXZsePfw3vxpnUgi+9REAAAAASUVORK5CYII="
"https://vim.fandom.com/wiki/Indent_with_tabs,_align_with_spaces","Indent with tabs, align with spaces","Tabs vs. spaces for whitespace: which to use? Tabs are good for indentation because their width can be adjusted according to preference (:help 'tabstop'). On the other hand, spaces must be used to ensure text stays lined up across lines if tabstop is changed. Using the ""smart tabs"" scheme described below combines the strengths of both. This tip discusses indenting using tabs and spaces, including methods to allow tabstop adjustment, while maintaining textual alignment. See indenting source code ",1650625741,"data:image/png;base64,iVBORw0KGgoAAAANSUhEUgAAABAAAAAQCAYAAAAf8/9hAAABhElEQVQ4jZ2RvUoDURCFv7lZd7EUjOIPiKWiWMRGUfABrMUYEQRLC23FwjcwIljZRYmdTyAoaQUR8Q3EwpUQLLKazd6x2E2MiX841XDunI85c6GtlGx/yMp5SHam/e2rMp2SowpjihzWWJ36BwBALJABe/wb5BtAs6Z/gwiAsuDUGFqKiErdRK8h7hXoWMvcNZgNl5PbbzZIG9C1FOYoJDUMqn/d5FMEgUWQA4Wev8b54gYyL8hAkq4lqTQhb+QmfwIgoxXM+h2SDpB0EPejlSZE0G1lzwA4Hf7ukNTmDTL3iE48x8ikr+/OQeCgMAj3DlDrBHRF0BuAgsw+xpoSa10RBJ8tSQTfGrQKwIuHLYxD2fuYKifai5eYtAq+bQKEy7rFFAAfwF6MEOUzUPGg4hHtZ7AXIw2cbzEF4bLeOG9jS6mRywqaB9IImPkHAGxpOI4BviJbLqdFSZTWv0og2WVB8kDfx7MCPCm65VI8a5hbbhCXgLoUz4AdoBzPKXHPTrsZ4B2EI5Im9WPGlAAAAABJRU5ErkJggg=="
https://vim.fandom.com/wiki/Accessing_the_system_clipboard,Accessing the system clipboard,"When performing copy, cut, and paste with commands like y, d, and p, by default Vim uses its own location for this, called the unnamed register (:help quotequote). Note that this is different from what most modern graphical text editors and other applications like web browsers do; these applications interact with the system clipboard when using keybindings like CTRL-C, CTRL-X, and CTRL-V. Fortunately, in most cases it is easy to get Vim to work with the system clipboard. Vim offers the + and * r",1653967325,"data:image/png;base64,iVBORw0KGgoAAAANSUhEUgAAABAAAAAQCAYAAAAf8/9hAAABhElEQVQ4jZ2RvUoDURCFv7lZd7EUjOIPiKWiWMRGUfABrMUYEQRLC23FwjcwIljZRYmdTyAoaQUR8Q3EwpUQLLKazd6x2E2MiX841XDunI85c6GtlGx/yMp5SHam/e2rMp2SowpjihzWWJ36BwBALJABe/wb5BtAs6Z/gwiAsuDUGFqKiErdRK8h7hXoWMvcNZgNl5PbbzZIG9C1FOYoJDUMqn/d5FMEgUWQA4Wev8b54gYyL8hAkq4lqTQhb+QmfwIgoxXM+h2SDpB0EPejlSZE0G1lzwA4Hf7ukNTmDTL3iE48x8ikr+/OQeCgMAj3DlDrBHRF0BuAgsw+xpoSa10RBJ8tSQTfGrQKwIuHLYxD2fuYKifai5eYtAq+bQKEy7rFFAAfwF6MEOUzUPGg4hHtZ7AXIw2cbzEF4bLeOG9jS6mRywqaB9IImPkHAGxpOI4BviJbLqdFSZTWv0og2WVB8kDfx7MCPCm65VI8a5hbbhCXgLoUz4AdoBzPKXHPTrsZ4B2EI5Im9WPGlAAAAABJRU5ErkJggg=="
https://vim.fandom.com/wiki/Make_Vim_completion_popup_menu_work_just_like_in_an_IDE,Make Vim completion popup menu work just like in an IDE,"The completion menu is controlled by completeopt. You can set multiple values to combine behaviours. Your completion options may be full text from files (see :help 'complete'), Omni completion, or a custom complete function (see :help complete-functions). In most IDEs, you normally type some code, press <C-Space> for a completion popup menu, type some more characters to select the menu item you want, then hit <Enter> to insert that completion into the code. With Vim's initial popup menu settings",1656254095,"data:image/png;base64,iVBORw0KGgoAAAANSUhEUgAAABAAAAAQCAYAAAAf8/9hAAABhElEQVQ4jZ2RvUoDURCFv7lZd7EUjOIPiKWiWMRGUfABrMUYEQRLC23FwjcwIljZRYmdTyAoaQUR8Q3EwpUQLLKazd6x2E2MiX841XDunI85c6GtlGx/yMp5SHam/e2rMp2SowpjihzWWJ36BwBALJABe/wb5BtAs6Z/gwiAsuDUGFqKiErdRK8h7hXoWMvcNZgNl5PbbzZIG9C1FOYoJDUMqn/d5FMEgUWQA4Wev8b54gYyL8hAkq4lqTQhb+QmfwIgoxXM+h2SDpB0EPejlSZE0G1lzwA4Hf7ukNTmDTL3iE48x8ikr+/OQeCgMAj3DlDrBHRF0BuAgsw+xpoSa10RBJ8tSQTfGrQKwIuHLYxD2fuYKifai5eYtAq+bQKEy7rFFAAfwF6MEOUzUPGg4hHtZ7AXIw2cbzEF4bLeOG9jS6mRywqaB9IImPkHAGxpOI4BviJbLqdFSZTWv0og2WVB8kDfx7MCPCm65VI8a5hbbhCXgLoUz4AdoBzPKXHPTrsZ4B2EI5Im9WPGlAAAAABJRU5ErkJggg=="
https://github.com/fatih/vim-go-tutorial#go-to-definition,GitHub - fatih/vim-go-tutorial: Tutorial for vim-go,Tutorial for vim-go. Contribute to fatih/vim-go-tutorial development by creating an account on GitHub.,1656920676,"data:image/png;base64,iVBORw0KGgoAAAANSUhEUgAAABAAAAAQCAYAAAAf8/9hAAABcUlEQVQ4jY3TvWpVURAF4LXvvUmuIkEsLLQKgiAW/qAkNvoUFraCDxMlqEUCghZaiyKCjU3wBewEBTUpFEvBGJEkfjZz8HAw4sCG2XvNmv+dJEFLCS7hAT5gGz9Kv4/F7CeYwUoROvlVp5NtLGPUJ44wh+f+Xx5XwFHn5E4BL3EN69jCBj6W/qqwF2W73JGX8BO7WK23CY5jWucYZgu7XbbfcW6S5EaS2apoF+Mke621T70WfUYrbDfJOMnBJNeDd9WobZzs9aU/mdbdsYBvxXmdqg82MbPvmP44G+NtOfg6StKSSHIoyYF+5L+QW5JpkvniTUZJNgs/kmSxtaaaOCxh0lqTZCnJ0Qq6EdyrdLaqjFP/yOA03mCvyl4LztflLp6U/hRnBsSHvX7t1OjPdgZrBVzArVqohZ6DE4N1hpXhKq/jPa7i4iD1Kb70nDwrzmho9KhndLiHzVefdrDabeVwPJ1+GTcx7b3N1S+8MuT8Bs9NR9kw0z0NAAAAAElFTkSuQmCC"
https://www.youtube.com/watch?v=qUedfS-PWb0,【HD】胡歌 - 風起時 [歌詞字幕][電視劇《琅琊榜》主題曲][完整高音質] Nirvana in Fire Theme Song,歡迎訂閱BELLA PING音樂頻道！好聽華語音樂，天天不漏放～① Bella Ping 01 頻道：https://goo.gl/U5p7yl② Bella Ping 02 頻道：https://goo.gl/TNkWB1喜歡的話也可以點贊分享喔～！－－－－－－－－－(｡･ω･｡)ﾉ－－－－－－－－－－－風起時...,1505296608,
https://www.futureme.org/,FutureMe: Write a Letter to your Future Self,Write a letter to the future and read the public (but anonymous) letters from others. FutureMe has been delivering letters to the future for millions of people since 2002.,1505296608,
https://www.youtube.com/watch?v=Rd46U_ybdk4&feature=youtu.be,今年夏天,今年夏天作詞：江婉綾作曲：尹詩涵編曲：李婉婷演唱：尹詩涵友情　無聲降臨   我回味從前　想起了你心中泛起了一波波漣漪　雖有時嘔氣卻還是珍惜朋友　曾經相惜   我站在窗前　靜靜回憶臉上浮起了一絲絲笑意　心中雖有時感到空虛卻依舊溫馨今年夏天是個充滿希望的季節　我們就要說再見不知何時會相見　曾相處的畫面　不停重複上映在...,1505296608,
http://www.1know.net/#!/explore,1Know 翻轉你的學習,開啟課程新生活，網路上好影片很多，我們的時間卻有限，分享與合作，幫助我們連結最好的資源。,1505296608,
https://mojim.com/,新增專輯  ※ Mojim.com　魔鏡歌詞網,每天更新歌詞，分類詳細。提供亞洲歌手 歐洲歌手 美洲歌手 日本歌手 韓國歌手 等 歷年專輯歌詞。,1505296608,
https://tw.yahoo.com/,Yahoo奇摩,Yahoo奇摩提供即時新聞、氣象、購物、信箱、搜尋、政治、國際、運動、股市、娛樂、科技、電影、汽機車、旅遊、遊戲。每天賺奇摩值、發掘更多精彩內容、一站獲取豐富生活！,1505296608,
http://pdfmyurl.com/,Convert any URL or Web Page to PDF. Online HTML to PDF API service.,"PDFmyURL turns Web Pages or complete Sites into PDF with one click. Use our URL / HTML to PDF API in PHP, Java, .NET, Perl, Ruby, Python or JavaScript with our examples!",1505296608,
https://morvanzhou.github.io/tutorials/python-basic/tkinter/2-01-label-button/,Label & Button 标签和按钮 - 窗口 Tkinter | 莫烦Python,使用 python 和 tkinter 来做简单的窗口程序. label button 按钮 练习.,1505296608,
http://www.codewars.com/kata/54bf1c2cd5b56cc47f0007a1/train/python,Training on Counting Duplicates,Codewars is where developers achieve code mastery through challenge. Train on kata in the dojo and reach your highest potential.,1505296608,
https://www.youtube.com/watch?v=9G7zlxqhJRs,Rachel Platten - Fight Song - Piano Cover & Sheets,"Have fun learning piano online with Flowkey: http://tinyurl.com/joyce-flowkey. Type in ""Joyce Leong"" to search for my arrangements there.One-to-one piano les...",1505296608,
https://github.com/Bukkit/Bukkit,GitHub - Bukkit/Bukkit: The Minecraft Mod API,The Minecraft Mod API. Contribute to Bukkit/Bukkit development by creating an account on GitHub.,1505296608,
https://www.instructables.com/Build-your-own-Crude-FM-Radio/,Build Your Own Crude FM Radio,Build Your Own Crude FM Radio: In this project I will demonstrate how a RF FM transmitter works and how this principle compares to the older AM. I will also show you how to build a simple and crude FM receiver which can even sometimes let you listen to your favorite radio station…,1642174744,"data:image/png;base64,iVBORw0KGgoAAAANSUhEUgAAABAAAAAQCAYAAAAf8/9hAAACm0lEQVQ4jY2TS29TZxCGn/nOd44dHxzjGOwEIgICtV1AxEUgQCoUNkhddc+Gf9BN8yOqItFNd11R8QNoWXARkQApC0CQiwBhESJSbJAviU8wjnOOzzddpEHtLrMbzbyvZkbPyFwnPi4qvwicBzy2F6nCAxWdkvnV5L7Axa2KMR6pc6iC5xlEAAVVRdX9z0VhWhZWkxjwAdI0ZXbmIWtLT8n4QpDfRVisEI6Mki+NkhseIchmEXTLI7FbYsRQfXyX6s2rXJoMOFTO0Y8dScew0fbZWMzTtWVWw0n2n/4B61sA3wCICFG7Sfj3X5z/xrJ/NGQ4DFDxePqiQ63eIXRNDpoX7Fx7QpoOvqxhRATEsDB9h+TjIpmMTy7rAUL1VcTMgwbvXka0OwOW32/wudOm9aGGMR4igo1W2qw2G6xf/4PWWER4dheBNShK822XfalSDC0zDxsEgWF8bJ169XfCH3/Ctz52+e0bluaeU6zV+TyUIU4czSimHzvGjxXJ7xnixNEipeUefVF2tGPqz+apLsxSLO3GTp46w9j4Pu7e+5PxcoT1BOsJ3fUUNUJYybLY6OPnPEZyllajT/7wJCe+vYD1PKxzjnyhwPdXjlDovaYRpZR3ZthdyKAoyUDZSBz92GE95X2lTOXsZay1qHPYzUsqe4s+K2uOWrvD3FKXbs+ROsNExSOXDVACnPMJ8sPsGNuLiEFxWCOGTnuF5VfzTBRecu5ol+FQGQwgSSGfAzB86llqzYD6hxKlhRt4X18kW/oKmW31de35rxzoXmVPKUX+y9m/vG6CtpnECcQDIUrKtILvkNu3fo5P+r/5xaFPOJVtfZIAiOJSl5iDvWuPCtnti7eGUhXEeI/MxOhgCmQaSLftsNk77cRM/QPPERus3ACQuwAAAABJRU5ErkJggg=="
https://revealjs.com/,The HTML presentation framework | reveal.js,Documentation and demos for the open source reveal.js HTML presentation framework.,1649647578,"data:image/png;base64,iVBORw0KGgoAAAANSUhEUgAAABAAAAAQCAYAAAAf8/9hAAACfklEQVQ4jY1RTUuUYRQ953med+adwXGmDLEvMxgh+jaUxEVoUdGuFuM/KCqIIKIWtaiI2hRUQot2UgTppl2ryIhCQQv7WKSDSd9MZWqO4zvzPs9tMWq1MDxw4cI553LvucQsXm66vMQkvErZ0/dlw7nuIhbA1LumGvF9m1j+5BsAUB61Grb1hANbrt5Byau1v8xrV1QfdKownNz5/nn12f4UAtNoNNcL3OZY3Gybyofdybqjh3tab9KwrScEACqsTe7L3k7tH40XsqljflWxzqTHAmWNl0gaBUMEeQsdVWCABNFu0QNwfKT1jBeX5o8XmtqqMtlofOt3A6vgRBwCo8QSAlhCnLOknxQ10Vs1Onpix10VC3pNMhW5KDqEjjk4B4QzSty0J0oLQRFAAECJUFMjNNQ0K6eySiRLpW+oyckwzOdtKFYEECEFVKLAudhIgAQBiIiCoqnO5xqHjndS+NYAokXK9Kx43vlXPzeLgAhDbbqQ0aBEVNk0Ry4GZV07ui0AqMWZFoYCRMrrQ8hyYv+DSFkis/cpgCAlhJNZshzmv/XHTRKkOAJCQWBIsCIZ8XSE0FqBJMRR5q/l3NByTiICV9Je76rr9QKbNs5i79RksaWUix50IWI0NqorJE4jIoEmrYZzcIRYZ8EZF0jhVU2LifM8ic755Ac2XnscXTF2pebUYKEwvPSkjtldfnqcZvVkyfeN7/kaxYJFJE5M5Nz9VPrhAQAw0pXRyAAvGuwn+3XZ6ZEju4fNRPRp0ZTuxWp/Dq659WB82rpGNaMaCDYo6mYVsT8AoP/QIW9+g751l6r8ykRlfPvQ5/qOjmChL+TeNNXEop5LpJ/lAOA3pOIgHwTbksIAAAAASUVORK5CYII="
https://play0ad.com/,0 A.D.: Empires Ascendant,"0 A.D. is a free, open-source, historical Real Time Strategy (RTS) game currently under development by Wildfire Games, a global group of volunteer game developers.",1650035254,"data:image/png;base64,iVBORw0KGgoAAAANSUhEUgAAABAAAAAQCAIAAACQkWg2AAACQ0lEQVQ4jZWSXUiTYRTH/8/zvnt9t71bui90FJo6Q/sYZh86kSAK6UZiSEQFCVEESd1YXQgVUTdNIvq4qKsMii4iIqmgLwvKLkyE6Eabti23zNnanO8+fOfzdKGuGd10ODe/c/6HczjnAP9ppBAMsuCuNjU1lJbZZaqT3r0PPv0wldX4vwt2bys9daDGUGIM/Mh6WlZ9CWeqamwsGj13afDWw69/Nzq5r/qxr/FYe4VRFhRFH3jjNUmQ5aLurp3RoY6rZ5uXqdu3O59d9njcJQvocKwIvt1jMwkL2Nq6+dfIic6D6xfVJqPu9ZWmjl3OfL3DoUwO7XWYhXzkzGlvPNRllACAtritsZns3ReRgpZsdiKeY3/4gu8RdLrD+90A6Loqs39iVsuBYNF1lMQSGuecLK2FMfZxINy8xQJAlEXYS+SezrocI3oJRZLAAT1nN7s3McYtFn2xzSBKork0K6ZFAGImh8npzI2+CYESSgghcFhlV5nBd28smWYQKYiQzdI75zd8D8QBiJHY3JpaJTKVyk+sprXZDBsZj8+k5vNBl62h71UcAO0fjlotRVvrzPkcZzw3l+MF923z2JPJ9IP+CAAajqgvP8U7vauLFbqQnmc8oWp0kWAzi4faKm4/CY0HVQAUwPX7Y6re4jtau9GlAOCEcA5NYwDclcZrx9eGEuxirx9LS1v6jiP1jeXC9M/04GhiR73t+dBUbbnJaTcMB9We3tG8bNm3Vq5U3C5zhVORKE/NMX849dk/821SLdT8Bmjh1i8cbnGyAAAAAElFTkSuQmCC"
https://fediverse.party/, - Fediverse.Party - explore federated networks,"Let's make social media free, federated and fun! Fediverse.Party is your guide into the world of decentralized, autonomous networks running on free open software on a myriad of servers across the world. No ads and no algorithms. Join Fediverse and become part of the new interconnected Web!",1653104759,"data:image/png;base64,iVBORw0KGgoAAAANSUhEUgAAABAAAAAQCAIAAACQkWg2AAACKElEQVQ4jWVSTUiUURQ9931v3vfp974ZZ8gaDSwRhCaqqYWVtEiLqAgMIttFu1Yt2rZtEdE+aBMtqpUELYLITYItxCLRaGwzZGKmOKIy4+j3c1+LN04DncWFC+dyzzn3ktYagDEGAAACQI1CRAQkbIwxRGSrxB6ISAiyw8wmjDiMEjC7XiolHcsG4CilbMNsqtWd3d04illK0b0/OFnI37lRzKa92dKK50pubiCiJOG0dkevFPp6sp259p7uTOC7HWnPU86jZ5+YTVNIQ5IQVN+Jlla2Lg72dub8Unnt/MCh52NfX72d2wlj31fMDUnSiiaihM34ZHli+pcgCvzU0Onb8+XKamVDa20dwxgicpRSzQSUkmGcRGGcDrzRywXPlUNn+tY36j9/b7rKMQYND8YYIlgbp47m19a3B44fjBMePnu4q1NPTC9wzGQztikRkSCq1cLhwd6XT647DlW3o+KR/OLy1ofJ8sephc3qriNEw7XW2vf9dKABeeta8eH9S1KmctnM7Lt7N6+eANDW3m45WmuttQAgiGr1qFjoenD33NPXn+M42ZdtSxImghCq9WoABAADKOUsLm++GZ8fudCf6/CjmDOB5ziCmS2v+TuNSztCVOvhl2/LLx6PHOs/MPb++3y5MjWzFCWG9vBvwMaakg6z2aqFM6U/cz9WS+VKGLGUolUPALLf2txb245IwG9TQhDv/SlaIFvZRJQOXBgkzMz4nw3gLwlGCZZx1pamAAAAAElFTkSuQmCC"
https://nuxtjs.org/docs/features/data-fetching,Data Fetching,In Nuxt we have 2 ways of getting data from an API. We can use the fetch method or the asyncData method.,1653632464,"data:image/png;base64,iVBORw0KGgoAAAANSUhEUgAAABAAAAAQCAYAAAAf8/9hAAACRElEQVQ4jcWSTUhUYRSGn++7P6Nef/InFTMzHTHMwUQzIhCyWrSxTSMUJi0yEtLaGBGGVyNaReKioqDIfoRsE0GbKNtkBVEQ6WbCFm0sbRRldO7cmfu10MogK9r0bg/vc87hfWFlid/M/lJK/TvE3747/WcYgj9etbSxM/Tg4pmZkY+tw1c2AXA3qK1kkT/MtkQI1fb8xs60/Mwjvozkwpyytec5XGPQNJRg4EAlV/flrQiwAYJBM7Mo/5w0dDE3GXZSc7MaOttO7KJvRx715S+oK7kDyKV3lgGULW1hex3de1tTczNrY5H5mGkl6c5c5POqp+/fsK2mjxTTIttq4MmxZgQKe9GrAQJ7mMZCN29dbeUtKTXLi8c9M80y3PGpjm7nYZwK/wXmHBdNSnx6NYWpA3SFovSARNkCIZS/vqbLysoocOejblKaZUQmwq+uB/YMikDgEgKFQBB1E2RbxTRUnESgUEgB0PKov7qkrmpEKAxPKSVNQ1cjH7bayS+rKC+6zPS8ixQ6SikMqUgoh2ehLbTcfCcBWVC2vtdMTvLF3UTMl27p0Ynwbbu9OcTqnLPMO/Gl/D2EUMQSCVLMFDau6QUQR18PNhYESu/HnRiaYeA6zkL42uMN/dud05TmH2JyDgwNlFrkCMBTYGoQmtivxxdmxiOTMyOgsnXdVJHp2al7x3umeHvqC59mQ0TdGAKJ+pabUCjApyUQmvM9z4pghTk2OkZx00G5eTTiDg0NJfDjIwOPhV9UeAwPiLO8FP9FXwGcQtigxLC7WQAAAABJRU5ErkJggg=="
https://nuxtjs.org/docs/internals-glossary/context/,The context,The context provides additional objects/params from Nuxt to Vue components and is available in special nuxt lifecycle areas.,1653624638,"data:image/png;base64,iVBORw0KGgoAAAANSUhEUgAAABAAAAAQCAYAAAAf8/9hAAACRElEQVQ4jcWSTUhUYRSGn++7P6Nef/InFTMzHTHMwUQzIhCyWrSxTSMUJi0yEtLaGBGGVyNaReKioqDIfoRsE0GbKNtkBVEQ6WbCFm0sbRRldO7cmfu10MogK9r0bg/vc87hfWFlid/M/lJK/TvE3747/WcYgj9etbSxM/Tg4pmZkY+tw1c2AXA3qK1kkT/MtkQI1fb8xs60/Mwjvozkwpyytec5XGPQNJRg4EAlV/flrQiwAYJBM7Mo/5w0dDE3GXZSc7MaOttO7KJvRx715S+oK7kDyKV3lgGULW1hex3de1tTczNrY5H5mGkl6c5c5POqp+/fsK2mjxTTIttq4MmxZgQKe9GrAQJ7mMZCN29dbeUtKTXLi8c9M80y3PGpjm7nYZwK/wXmHBdNSnx6NYWpA3SFovSARNkCIZS/vqbLysoocOejblKaZUQmwq+uB/YMikDgEgKFQBB1E2RbxTRUnESgUEgB0PKov7qkrmpEKAxPKSVNQ1cjH7bayS+rKC+6zPS8ixQ6SikMqUgoh2ehLbTcfCcBWVC2vtdMTvLF3UTMl27p0Ynwbbu9OcTqnLPMO/Gl/D2EUMQSCVLMFDau6QUQR18PNhYESu/HnRiaYeA6zkL42uMN/dud05TmH2JyDgwNlFrkCMBTYGoQmtivxxdmxiOTMyOgsnXdVJHp2al7x3umeHvqC59mQ0TdGAKJ+pabUCjApyUQmvM9z4pghTk2OkZx00G5eTTiDg0NJfDjIwOPhV9UeAwPiLO8FP9FXwGcQtigxLC7WQAAAABJRU5ErkJggg=="
https://hackmd.io/@wycchen/1111NSPT,Network Security and Penetration Test (2022 Fall) - HackMD,Network Security and Penetration Test (2022 Fall)  === ###### tags: `Network Security` `Penetration ,1663118410,"data:image/png;base64,iVBORw0KGgoAAAANSUhEUgAAABAAAAAQCAYAAAAf8/9hAAACWUlEQVQ4jW2SP0ssWRTEq07f7hFxcCIzRRFh/JMYLRsY+BHMxchAeCDvZS4mYyasusmCsBqJn8BAP4OhvP0EirYKLq0tzjJ3+tYG9m3eLnvie+rW+VURAO7u7n4/Pz//kue5T5LEkRRJeO/ZbrfD7u6uOef+yLJsC4ABCIgjKbu4uLhYWlpSt9v13W43zM/Ph4WFhTA7OxtWVlaq29tbv7e3p9fX198ksdfrWdx3AChJY2NjGA6HJAkAIIksyzAyMsLR0VG7vLwcFkXx9ejoCL1e7xsAApD7fEtKQlVVqgVIElVVKYSAwWDAVqtlp6envqqqr0VR/N3pdH6RRAcAZmaSmkUAMjOQpJlpfHwcq6urtry8jKIo/M3NzY6kv0j+Gk+waDv+CAAhBOV5zqurK62trcnMmCQJAISyLH+ODEDS6gWkaYrJycnIgSEEnZyc0Mz08PAg7z07nQ4PDg68JHMAaGYEAO89pqamcHx8jCRJIAkk6ZzT+/s7Nzc3kec5nXOs4/xkIMkkIcsy3N/fY2NjA2YWY4aZsaoqFUUB55yi8L9SqIuDmZkZHB4eNg5qyPj4+OD29raen59jTGocxBTSNMXj4yN2dnZAshGoI8Xb2xtqiJDEBqIkI4nhcIiJiQlsbW0pdiM68N5rf38fLy8vIhkdqIFY34p+v4/r62v+ABE1YA4Gg0a4dvB5QixQlmUqy1JnZ2eQ1NS6FlK73UaaptFB+BFiVpZlXGKr1cJ/R5L6/T6rqoqu0sigv7i4+Of6+vpPT09PipD+Z5qkpqenMTc3951k+Acgz0xgtaXyjAAAAABJRU5ErkJggg=="
